sample_id,region,latitude,longitude,rock_type,elevation_m,slope_deg,lineament_distance_km,b2_blue,b3_green,b4_red,b8_nir,b11_swir1,b12_swir2,iron_oxide_idx,ferrous_idx,clay_idx,mrr,ndvi,ndmi,mn_grade_pct,reserve_kmt
MN-SURV-0001,"Groote Eylandt (Northern Territory, Australia)",-13.6445,136.7624,Gondite,499.4,14.9,0.3,0.1416,0.1592,0.1659,0.2617,0.2915,0.1737,1.1716,0.6637,1.6782,0.2746,0.224,-0.0539,48.31,1366.0
MN-SURV-0002,"Kalahari Manganese Field (Hotazel, South Africa)",-27.51733,23.28163,Gondite,633.0,5.3,1.26,0.0795,0.1436,0.179,0.2854,0.3058,0.1716,2.2516,0.6013,1.7821,0.2616,0.2291,-0.0345,53.5,798.2
MN-SURV-0003,"Kalahari Manganese Field (Hotazel, South Africa)",-27.33677,22.66837,Quartzite-Schist,610.0,3.6,3.66,0.164,0.2198,0.2508,0.3695,0.3167,0.3946,1.5293,1.0679,0.8026,0.1161,0.1914,0.0769,5.95,17.9
MN-SURV-0004,"Sandur Manganese Belt (Karnataka, India)",14.86719,76.22166,Gondite,449.2,6.7,0.48,0.1134,0.1285,0.2117,0.2537,0.2395,0.2013,1.8668,0.7935,1.1898,0.0616,0.0902,0.0288,53.05,1460.1
MN-SURV-0005,"Kendujhar-Joda Belt (Odisha, India)",22.21312,85.49417,Quartzite-Schist,218.3,8.9,11.19,0.175,0.2549,0.2502,0.3115,0.4406,0.4017,1.4297,1.2896,1.0968,0.2756,0.1091,-0.1717,4.95,14.6
MN-SURV-0006,"Kendujhar-Joda Belt (Odisha, India)",22.19255,85.46289,Quartzite-Schist,361.7,4.5,7.47,0.1776,0.208,0.2576,0.2791,0.4321,0.3852,1.4505,1.3802,1.1218,0.253,0.0401,-0.2151,6.46,7.9
MN-SURV-0007,"Groote Eylandt (Northern Territory, Australia)",-13.65,136.66921,Dolomitic Marble,290.3,6.0,8.43,0.1617,0.2105,0.2007,0.3386,0.4281,0.3295,1.2412,0.9731,1.2992,0.3616,0.2557,-0.1167,3.15,9.9
MN-SURV-0008,"Kendujhar-Joda Belt (Odisha, India)",21.95898,85.64261,Basalt,396.4,8.3,7.35,0.1938,0.1775,0.2432,0.3329,0.3399,0.3319,1.2549,0.997,1.0241,0.1658,0.1557,-0.0104,2.1,23.2
MN-SURV-0009,"Nagpur-Bhandara Belt (Sausar Group, India)",21.20774,79.30281,Dolomitic Marble,135.1,8.7,3.91,0.1781,0.2303,0.2568,0.3379,0.4517,0.3933,1.4419,1.164,1.1485,0.2751,0.1364,-0.1441,6.46,5.9
MN-SURV-0010,"Kendujhar-Joda Belt (Odisha, India)",21.82951,85.6322,Laterite Cap,514.5,12.5,0.71,0.1134,0.1528,0.1963,0.2411,0.2621,0.2176,1.731,0.9025,1.2045,0.1435,0.1024,-0.0417,42.42,250.2
MN-SURV-0011,"Kendujhar-Joda Belt (Odisha, India)",21.90407,85.13732,Basalt,303.7,14.8,7.42,0.1945,0.2478,0.2265,0.3839,0.4736,0.3598,1.1645,0.9372,1.3163,0.3529,0.2579,-0.1046,2.86,0.0
MN-SURV-0012,"Nagpur-Bhandara Belt (Sausar Group, India)",21.09517,79.75805,Quartzite-Schist,436.3,1.1,5.72,0.1836,0.259,0.2253,0.3809,0.4409,0.3513,1.2271,0.9223,1.2551,0.3236,0.2567,-0.073,4.33,6.3
MN-SURV-0013,"Minas Gerais Belt (Quadrilatero Ferrifero, Brazil)",-20.40126,-43.93625,Banded Iron Formation (BIF),530.7,19.6,5.0,0.0834,0.1394,0.2203,0.2106,0.2716,0.2287,2.6415,1.0859,1.1876,0.1043,-0.0225,-0.1265,51.16,240.6
MN-SURV-0014,"Sandur Manganese Belt (Karnataka, India)",15.00517,76.81443,Dolomitic Marble,403.4,14.2,7.28,0.1351,0.2121,0.3688,0.3813,0.3371,0.2865,2.7298,0.7514,1.1766,-0.0449,0.0167,0.0615,3.58,17.9
MN-SURV-0015,"Minas Gerais Belt (Quadrilatero Ferrifero, Brazil)",-20.1994,-43.46377,Gondite,411.6,12.4,0.35,0.1078,0.0963,0.1398,0.1751,0.2641,0.2386,1.2968,1.3626,1.1069,0.3077,0.1121,-0.2026,45.05,907.3
MN-SURV-0016,"Kalahari Manganese Field (Hotazel, South Africa)",-26.98345,23.16708,Laterite Cap,375.9,5.7,7.36,0.2334,0.2631,0.2603,0.4165,0.4294,0.3516,1.1153,0.8442,1.2213,0.2452,0.2308,-0.0153,2.41,10.1
MN-SURV-0017,"Sandur Manganese Belt (Karnataka, India)",14.95971,76.29853,Dolomitic Marble,326.3,10.8,10.67,0.1906,0.1636,0.2987,0.3245,0.4405,0.3324,1.5672,1.0243,1.3252,0.1918,0.0414,-0.1516,1.48,11.1
MN-SURV-0018,"Kendujhar-Joda Belt (Odisha, India)",21.96728,85.12492,Laterite Cap,351.0,21.4,2.27,0.1003,0.1207,0.2298,0.2266,0.2973,0.2011,2.2911,0.8875,1.4784,0.1281,-0.007,-0.1349,40.76,386.3
MN-SURV-0019,"Minas Gerais Belt (Quadrilatero Ferrifero, Brazil)",-20.08347,-43.76195,Gondite,220.7,9.0,0.44,0.1353,0.1223,0.1933,0.271,0.2729,0.1879,1.4287,0.6934,1.4524,0.1707,0.1673,-0.0035,49.63,205.0
MN-SURV-0020,"Kalahari Manganese Field (Hotazel, South Africa)",-26.8856,23.22068,Gondite,554.1,23.4,3.35,0.084,0.2197,0.1825,0.2789,0.3718,0.202,2.1726,0.7243,1.8406,0.3415,0.2089,-0.1428,53.5,831.7
MN-SURV-0021,"Nagpur-Bhandara Belt (Sausar Group, India)",21.35078,79.51193,Basalt,445.7,13.3,11.63,0.1654,0.2262,0.2954,0.3268,0.3489,0.3222,1.786,0.9859,1.0829,0.083,0.0505,-0.0327,6.41,18.5
MN-SURV-0022,"Nagpur-Bhandara Belt (Sausar Group, India)",21.41358,79.42643,Banded Iron Formation (BIF),509.0,20.6,1.68,0.1226,0.1308,0.1636,0.2817,0.3192,0.1363,1.3344,0.4838,2.3419,0.3223,0.2652,-0.0624,47.8,586.8
MN-SURV-0023,"Sandur Manganese Belt (Karnataka, India)",15.36179,76.54368,Basalt,269.5,10.4,11.01,0.1897,0.2161,0.2639,0.3798,0.3391,0.4446,1.3911,1.1706,0.7627,0.1247,0.1801,0.0566,1.61,18.2
MN-SURV-0024,"Nagpur-Bhandara Belt (Sausar Group, India)",21.10943,79.78165,Laterite Cap,365.4,7.0,3.03,0.2,0.2297,0.327,0.3944,0.4048,0.3428,1.635,0.8692,1.1809,0.1063,0.0934,-0.013,2.89,1.1
MN-SURV-0025,"Kendujhar-Joda Belt (Odisha, India)",22.15437,85.12694,Laterite Cap,455.8,15.8,0.66,0.1331,0.1281,0.1601,0.2944,0.2285,0.245,1.2029,0.8322,0.9327,0.176,0.2955,0.126,33.97,396.7
MN-SURV-0026,"Nagpur-Bhandara Belt (Sausar Group, India)",21.50673,79.29625,Banded Iron Formation (BIF),502.8,21.0,0.2,0.0935,0.0759,0.2143,0.1641,0.334,0.1841,2.292,1.1219,1.8142,0.2183,-0.1327,-0.3411,52.77,552.1
MN-SURV-0027,"Nagpur-Bhandara Belt (Sausar Group, India)",21.46929,79.53902,Basalt,291.7,14.6,5.17,0.2457,0.1958,0.2264,0.32,0.2738,0.3137,0.9214,0.9803,0.8728,0.0948,0.1713,0.0778,4.07,0.0
MN-SURV-0028,"Groote Eylandt (Northern Territory, Australia)",-13.88805,136.43967,Gondite,386.4,22.9,3.49,0.1172,0.1821,0.1281,0.2457,0.3515,0.1792,1.093,0.7293,1.9615,0.4658,0.3146,-0.1772,49.93,217.5
MN-SURV-0029,"Kendujhar-Joda Belt (Odisha, India)",22.07589,85.33662,Dolomitic Marble,496.5,14.2,10.46,0.1064,0.193,0.2557,0.3472,0.393,0.3551,2.4032,1.0228,1.1067,0.2117,0.1518,-0.0619,4.36,8.4
MN-SURV-0030,"Sandur Manganese Belt (Karnataka, India)",14.87353,76.36601,Gondite,683.1,14.7,2.63,0.1225,0.053,0.172,0.2193,0.3457,0.1703,1.4041,0.7766,2.0299,0.3355,0.1209,-0.2237,53.5,683.9
MN-SURV-0031,"Kendujhar-Joda Belt (Odisha, India)",21.80907,85.16546,Gondite,610.3,24.8,1.17,0.0863,0.089,0.1719,0.2687,0.3701,0.1926,1.9919,0.7168,1.9216,0.3657,0.2197,-0.1587,53.5,535.8
MN-SURV-0032,"Groote Eylandt (Northern Territory, Australia)",-14.26363,136.2821,Basalt,495.0,10.8,4.49,0.2039,0.1654,0.2966,0.2413,0.4816,0.2518,1.4546,1.0435,1.9126,0.2377,-0.1028,-0.3324,4.81,4.7
MN-SURV-0033,"Nagpur-Bhandara Belt (Sausar Group, India)",21.65775,79.46177,Basalt,350.8,12.2,4.33,0.1555,0.2032,0.2026,0.3404,0.3829,0.2259,1.3029,0.6636,1.695,0.3079,0.2538,-0.0588,3.88,6.4
MN-SURV-0034,"Sandur Manganese Belt (Karnataka, India)",14.83988,76.4541,Phyllite-Chert,417.6,17.2,0.21,0.1143,0.1445,0.1811,0.272,0.3128,0.2169,1.5844,0.7974,1.4421,0.2667,0.2006,-0.0698,38.74,643.5
MN-SURV-0035,"Kendujhar-Joda Belt (Odisha, India)",21.83671,85.56934,Quartzite-Schist,301.8,2.7,7.56,0.1762,0.1913,0.1957,0.3602,0.3422,0.2689,1.1107,0.7465,1.2726,0.2724,0.2959,0.0256,1.85,13.7
MN-SURV-0036,"Groote Eylandt (Northern Territory, Australia)",-14.06143,136.70418,Banded Iron Formation (BIF),456.8,19.0,1.7,0.1282,0.1921,0.2217,0.1597,0.3527,0.2149,1.7293,1.3456,1.6412,0.2281,-0.1626,-0.3767,47.3,120.0
MN-SURV-0037,"Sandur Manganese Belt (Karnataka, India)",15.15404,76.35606,Gondite,511.2,24.9,0.44,0.1024,0.1297,0.1551,0.2182,0.2099,0.214,1.5146,0.9808,0.9808,0.1501,0.169,0.0194,46.65,461.9
MN-SURV-0038,"Sandur Manganese Belt (Karnataka, India)",15.19805,76.84056,Banded Iron Formation (BIF),483.8,7.6,0.49,0.1251,0.1234,0.1971,0.2095,0.2378,0.133,1.5755,0.6348,1.788,0.0936,0.0305,-0.0633,46.04,1055.2
MN-SURV-0039,"Minas Gerais Belt (Quadrilatero Ferrifero, Brazil)",-20.24573,-43.49759,Banded Iron Formation (BIF),474.3,18.9,0.65,0.1513,0.0914,0.138,0.2492,0.2867,0.1991,0.9121,0.799,1.44,0.3501,0.2872,-0.07,40.29,383.1
MN-SURV-0040,"Minas Gerais Belt (Quadrilatero Ferrifero, Brazil)",-20.01857,-43.47448,Phyllite-Chert,527.1,8.8,3.44,0.1132,0.1522,0.2274,0.2352,0.3145,0.1692,2.0088,0.7194,1.8587,0.1607,0.0169,-0.1443,40.45,120.0
MN-SURV-0041,"Kendujhar-Joda Belt (Odisha, India)",22.10363,85.70551,Banded Iron Formation (BIF),331.1,14.0,1.48,0.1454,0.13,0.1875,0.2722,0.2169,0.2429,1.2895,0.8924,0.893,0.0727,0.1843,0.1131,38.83,161.6
MN-SURV-0042,"Kendujhar-Joda Belt (Odisha, India)",22.03999,85.37207,Phyllite-Chert,511.0,9.7,1.52,0.1111,0.1826,0.179,0.2731,0.3504,0.1726,1.6112,0.632,2.0301,0.3238,0.2081,-0.124,41.8,974.4
MN-SURV-0043,"Kalahari Manganese Field (Hotazel, South Africa)",-27.31054,23.17488,Phyllite-Chert,590.9,17.5,0.26,0.1357,0.1289,0.1672,0.2179,0.3486,0.2241,1.2321,1.0285,1.5556,0.3517,0.1317,-0.2307,40.94,374.2
MN-SURV-0044,"Kendujhar-Joda Belt (Odisha, India)",22.33135,85.30977,Banded Iron Formation (BIF),496.4,26.1,0.51,0.0851,0.159,0.1864,0.2747,0.2725,0.1594,2.1904,0.5803,1.7095,0.1876,0.1915,0.004,53.5,1261.5
MN-SURV-0045,"Kalahari Manganese Field (Hotazel, South Africa)",-27.50175,22.65412,Phyllite-Chert,395.6,19.0,3.0,0.1034,0.1282,0.1679,0.2228,0.2911,0.2233,1.6238,1.0022,1.3036,0.2684,0.1405,-0.1329,31.26,264.4
MN-SURV-0046,"Kalahari Manganese Field (Hotazel, South Africa)",-26.988,22.60324,Gondite,459.1,15.4,1.03,0.0962,0.1343,0.1988,0.2908,0.2773,0.1374,2.0665,0.4725,2.0182,0.1649,0.1879,0.0238,53.5,488.9
MN-SURV-0047,"Groote Eylandt (Northern Territory, Australia)",-14.01675,136.89039,Banded Iron Formation (BIF),495.8,9.7,1.3,0.1046,0.1123,0.2572,0.2424,0.3106,0.1892,2.4589,0.7805,1.6416,0.094,-0.0296,-0.1233,51.71,2535.3
MN-SURV-0048,"Kalahari Manganese Field (Hotazel, South Africa)",-27.34417,23.09984,Banded Iron Formation (BIF),465.3,11.3,0.89,0.0879,0.1798,0.1795,0.2281,0.2814,0.1938,2.0421,0.8496,1.452,0.2211,0.1192,-0.1046,48.92,997.7
MN-SURV-0049,"Nagpur-Bhandara Belt (Sausar Group, India)",21.04777,79.23931,Quartzite-Schist,328.4,4.4,2.76,0.1589,0.1982,0.2639,0.3435,0.405,0.2873,1.6608,0.8364,1.4097,0.2109,0.1311,-0.0822,3.39,17.7
MN-SURV-0050,"Kendujhar-Joda Belt (Odisha, India)",22.33385,85.73109,Gondite,556.7,25.9,0.57,0.1189,0.1458,0.1585,0.2676,0.3287,0.2379,1.3331,0.889,1.3817,0.3493,0.256,-0.1025,46.97,1290.2
MN-SURV-0051,"Kalahari Manganese Field (Hotazel, South Africa)",-27.29586,22.62396,Basalt,239.9,7.8,9.85,0.2085,0.2092,0.2458,0.3629,0.3942,0.3419,1.1789,0.9421,1.153,0.2319,0.1924,-0.0413,3.58,25.6
MN-SURV-0052,"Kalahari Manganese Field (Hotazel, South Africa)",-27.10657,22.78052,Phyllite-Chert,537.4,24.1,5.0,0.1118,0.1078,0.183,0.1748,0.3321,0.2602,1.6369,1.4886,1.2763,0.2895,-0.0229,-0.3103,31.69,135.5
MN-SURV-0053,"Groote Eylandt (Northern Territory, Australia)",-13.86683,136.59599,Phyllite-Chert,498.4,19.0,0.72,0.1016,0.1764,0.1911,0.2353,0.301,0.2323,1.8809,0.9873,1.2957,0.2233,0.1037,-0.1225,39.59,374.8
MN-SURV-0054,"Sandur Manganese Belt (Karnataka, India)",14.8245,76.52863,Banded Iron Formation (BIF),373.7,14.5,0.31,0.1211,0.1459,0.187,0.2208,0.4019,0.1456,1.5442,0.6594,2.7603,0.3649,0.0829,-0.2908,53.5,2712.6
MN-SURV-0055,"Nagpur-Bhandara Belt (Sausar Group, India)",21.20248,79.70337,Quartzite-Schist,433.5,10.2,5.09,0.1271,0.2543,0.2072,0.3387,0.4332,0.346,1.6302,1.0216,1.252,0.3529,0.2409,-0.1224,4.91,18.7
MN-SURV-0056,"Nagpur-Bhandara Belt (Sausar Group, India)",21.66235,79.58267,Basalt,307.1,3.7,8.86,0.1938,0.2231,0.2386,0.2524,0.366,0.3579,1.2312,1.418,1.0226,0.2107,0.0281,-0.1837,3.45,4.3
MN-SURV-0057,"Minas Gerais Belt (Quadrilatero Ferrifero, Brazil)",-20.26805,-43.54657,Basalt,473.0,1.9,10.37,0.1829,0.2061,0.2426,0.3345,0.3911,0.3161,1.3264,0.945,1.2373,0.2343,0.1592,-0.078,2.19,15.3
MN-SURV-0058,"Minas Gerais Belt (Quadrilatero Ferrifero, Brazil)",-20.13684,-43.6335,Banded Iron Formation (BIF),428.0,11.2,2.61,0.0714,0.1126,0.1089,0.2225,0.2625,0.2809,1.5252,1.2625,0.9345,0.4136,0.3428,-0.0825,34.25,122.8
MN-SURV-0059,"Groote Eylandt (Northern Territory, Australia)",-13.79369,136.41714,Gondite,558.7,26.7,0.51,0.0899,0.1208,0.179,0.2494,0.372,0.1551,1.9911,0.6219,2.3985,0.3503,0.1643,-0.1973,53.5,3660.0
MN-SURV-0060,"Nagpur-Bhandara Belt (Sausar Group, India)",21.55035,79.17549,Phyllite-Chert,525.7,16.9,0.41,0.0967,0.1368,0.165,0.2587,0.3303,0.1463,1.7063,0.5655,2.2577,0.3337,0.2211,-0.1216,47.4,3476.5
MN-SURV-0061,"Kendujhar-Joda Belt (Odisha, India)",21.93737,85.60077,Basalt,327.4,2.8,10.25,0.1588,0.1989,0.3543,0.3969,0.338,0.3482,2.2311,0.8773,0.9707,-0.0235,0.0567,0.0801,4.85,14.3
MN-SURV-0062,"Nagpur-Bhandara Belt (Sausar Group, India)",21.4156,79.19089,Gondite,575.1,16.1,0.46,0.1167,0.1392,0.2338,0.2193,0.319,0.1894,2.0034,0.8637,1.6843,0.1541,-0.032,-0.1852,53.5,1056.1
MN-SURV-0063,"Kalahari Manganese Field (Hotazel, South Africa)",-27.16935,23.20515,Quartzite-Schist,377.5,14.5,10.75,0.1609,0.2058,0.2414,0.3025,0.3959,0.3085,1.5003,1.0198,1.2833,0.2424,0.1123,-0.1337,3.51,20.3
MN-SURV-0064,"Kalahari Manganese Field (Hotazel, South Africa)",-27.45979,22.83458,Basalt,427.2,9.9,10.27,0.1772,0.2209,0.3111,0.3596,0.3823,0.272,1.7556,0.7564,1.4055,0.1027,0.0723,-0.0306,6.49,13.7
MN-SURV-0065,"Sandur Manganese Belt (Karnataka, India)",14.92834,76.2029,Phyllite-Chert,461.3,6.3,0.7,0.1211,0.1224,0.1633,0.2597,0.3296,0.1689,1.3485,0.6504,1.9515,0.3374,0.2279,-0.1186,46.05,2019.9
MN-SURV-0066,"Groote Eylandt (Northern Territory, Australia)",-13.77922,136.26721,Gondite,465.8,23.3,0.9,0.0952,0.1583,0.2124,0.172,0.2937,0.147,2.2311,0.8547,1.998,0.1606,-0.1051,-0.2613,53.5,990.4
MN-SURV-0067,"Kalahari Manganese Field (Hotazel, South Africa)",-27.00902,22.76104,Phyllite-Chert,512.2,17.9,4.06,0.0731,0.1258,0.2149,0.2028,0.2788,0.2124,2.9398,1.0473,1.3126,0.1294,-0.029,-0.1578,40.36,676.5
MN-SURV-0068,"Groote Eylandt (Northern Territory, Australia)",-14.18013,136.85804,Dolomitic Marble,489.6,2.6,10.53,0.1303,0.2393,0.3132,0.3598,0.4155,0.3355,2.4037,0.9325,1.2385,0.1404,0.0692,-0.0718,4.47,5.9
MN-SURV-0069,"Groote Eylandt (Northern Territory, Australia)",-13.91911,136.40788,Banded Iron Formation (BIF),552.1,22.4,0.57,0.0809,0.1891,0.2389,0.2246,0.3231,0.1875,2.953,0.8348,1.7232,0.1498,-0.0309,-0.1798,53.5,1429.1
MN-SURV-0070,"Nagpur-Bhandara Belt (Sausar Group, India)",21.19943,79.82066,Banded Iron Formation (BIF),473.1,6.8,1.26,0.1269,0.1531,0.2334,0.2049,0.3115,0.1806,1.8392,0.8814,1.7248,0.1433,-0.065,-0.2064,46.93,341.1
MN-SURV-0071,"Kalahari Manganese Field (Hotazel, South Africa)",-27.06737,23.16041,Gondite,551.6,12.8,0.23,0.138,0.1631,0.1818,0.2141,0.3379,0.2038,1.3174,0.9519,1.658,0.3004,0.0816,-0.2243,53.5,1111.6
MN-SURV-0072,"Kalahari Manganese Field (Hotazel, South Africa)",-27.00132,22.93663,Gondite,564.3,15.8,0.79,0.129,0.1563,0.227,0.2281,0.3965,0.1355,1.7597,0.594,2.9262,0.2719,0.0024,-0.2696,53.5,853.7
MN-SURV-0073,"Minas Gerais Belt (Quadrilatero Ferrifero, Brazil)",-20.1389,-43.80126,Phyllite-Chert,554.6,14.8,0.41,0.0874,0.1541,0.1649,0.2485,0.3536,0.1861,1.8867,0.7489,1.9001,0.3639,0.2022,-0.1746,46.73,310.8
MN-SURV-0074,"Groote Eylandt (Northern Territory, Australia)",-13.95661,136.63031,Banded Iron Formation (BIF),371.0,13.8,0.14,0.0807,0.1792,0.1337,0.2927,0.3276,0.1589,1.6568,0.5429,2.0617,0.4203,0.3729,-0.0563,53.5,1048.4
MN-SURV-0075,"Nagpur-Bhandara Belt (Sausar Group, India)",21.1221,79.63108,Basalt,463.4,3.3,4.76,0.1792,0.2552,0.2817,0.3315,0.4186,0.1976,1.572,0.5961,2.1184,0.1955,0.0812,-0.1161,0.67,15.0
MN-SURV-0076,"Kalahari Manganese Field (Hotazel, South Africa)",-26.94941,22.60632,Banded Iron Formation (BIF),323.8,20.4,0.71,0.1083,0.1208,0.1572,0.234,0.3498,0.1693,1.4515,0.7235,2.0662,0.3799,0.1963,-0.1984,50.34,301.1
MN-SURV-0077,"Kendujhar-Joda Belt (Odisha, India)",22.32401,85.24677,Gondite,606.7,5.8,1.22,0.1201,0.0862,0.2012,0.2788,0.3538,0.1844,1.6753,0.6614,1.9187,0.275,0.1617,-0.1186,53.5,236.4
MN-SURV-0078,"Minas Gerais Belt (Quadrilatero Ferrifero, Brazil)",-19.94629,-43.92869,Gondite,468.8,8.2,0.29,0.1226,0.1629,0.1904,0.2799,0.1941,0.2631,1.553,0.94,0.7377,0.0096,0.1903,0.181,40.75,907.8
MN-SURV-0079,"Kalahari Manganese Field (Hotazel, South Africa)",-27.41816,23.11158,Gondite,447.8,23.3,4.07,0.1261,0.1095,0.1785,0.2479,0.3174,0.1958,1.4155,0.7898,1.621,0.2801,0.1628,-0.1229,47.98,202.4
MN-SURV-0080,"Sandur Manganese Belt (Karnataka, India)",15.00571,76.64586,Banded Iron Formation (BIF),508.4,14.3,5.0,0.125,0.1651,0.1724,0.2536,0.3674,0.2098,1.3792,0.8273,1.7512,0.3612,0.1906,-0.1833,45.15,120.0
MN-SURV-0081,"Sandur Manganese Belt (Karnataka, India)",15.36096,76.80452,Phyllite-Chert,550.0,18.7,0.67,0.1296,0.1066,0.2133,0.1815,0.3569,0.261,1.6458,1.438,1.3674,0.2518,-0.0805,-0.3258,32.72,120.0
MN-SURV-0082,"Sandur Manganese Belt (Karnataka, India)",14.78124,76.61241,Quartzite-Schist,211.9,9.1,6.9,0.233,0.2495,0.247,0.225,0.4945,0.2705,1.0601,1.2022,1.8281,0.3338,-0.0466,-0.3746,7.99,17.8
MN-SURV-0083,"Sandur Manganese Belt (Karnataka, India)",15.25281,76.69084,Phyllite-Chert,511.2,17.0,0.78,0.1126,0.1495,0.1435,0.2207,0.2541,0.1867,1.2744,0.8459,1.361,0.2782,0.212,-0.0703,33.03,398.3
MN-SURV-0084,"Groote Eylandt (Northern Territory, Australia)",-13.93259,136.46792,Phyllite-Chert,373.3,21.3,0.48,0.1141,0.1154,0.1733,0.262,0.2713,0.1937,1.5188,0.7393,1.4006,0.2204,0.2038,-0.0174,38.49,249.8
MN-SURV-0085,"Kalahari Manganese Field (Hotazel, South Africa)",-26.90757,22.89717,Phyllite-Chert,443.0,25.8,0.66,0.09,0.1417,0.2564,0.2565,0.3332,0.2306,2.8489,0.899,1.4449,0.1303,0.0002,-0.1301,42.84,600.4
MN-SURV-0086,"Kendujhar-Joda Belt (Odisha, India)",22.20637,85.26236,Quartzite-Schist,293.9,13.1,8.84,0.2253,0.2272,0.2287,0.4611,0.3181,0.3662,1.0151,0.7942,0.8687,0.1635,0.3369,0.1835,3.47,11.0
MN-SURV-0087,"Minas Gerais Belt (Quadrilatero Ferrifero, Brazil)",-20.15062,-43.72503,Gondite,525.5,11.3,0.69,0.1082,0.2045,0.1559,0.3056,0.3771,0.1706,1.4409,0.5582,2.2104,0.415,0.3244,-0.1047,53.5,348.5
MN-SURV-0088,"Nagpur-Bhandara Belt (Sausar Group, India)",21.46201,79.43969,Quartzite-Schist,221.6,3.7,3.16,0.1587,0.1796,0.293,0.4345,0.4235,0.3277,1.8463,0.7542,1.2923,0.1821,0.1945,0.0128,3.54,7.8
MN-SURV-0089,"Sandur Manganese Belt (Karnataka, India)",15.12045,76.70146,Gondite,585.1,23.3,1.09,0.0902,0.1557,0.1526,0.2433,0.3733,0.1793,1.6918,0.737,2.082,0.4197,0.2291,-0.2108,53.5,276.9
MN-SURV-0090,"Minas Gerais Belt (Quadrilatero Ferrifero, Brazil)",-20.08397,-43.61198,Banded Iron Formation (BIF),482.0,6.5,0.22,0.1037,0.1603,0.1594,0.2519,0.3501,0.1467,1.5371,0.5824,2.3865,0.3743,0.2249,-0.1631,53.22,796.2
MN-SURV-0091,"Minas Gerais Belt (Quadrilatero Ferrifero, Brazil)",-20.3479,-44.08865,Quartzite-Schist,367.4,6.3,5.4,0.1469,0.1554,0.2755,0.4746,0.3797,0.3819,1.8754,0.8047,0.9942,0.159,0.2654,0.1111,3.62,16.5
MN-SURV-0092,"Groote Eylandt (Northern Territory, Australia)",-13.73689,136.47577,Gondite,462.5,18.9,0.4,0.122,0.1422,0.1964,0.2449,0.3384,0.1211,1.6098,0.4945,2.7944,0.2655,0.1099,-0.1603,53.5,1621.9
MN-SURV-0093,"Kendujhar-Joda Belt (Odisha, India)",21.93906,85.17246,Gondite,502.7,10.0,0.13,0.1202,0.1413,0.1259,0.2141,0.1945,0.2003,1.0474,0.9355,0.971,0.2141,0.2594,0.048,42.7,2062.1
MN-SURV-0094,"Kendujhar-Joda Belt (Odisha, India)",21.93052,85.46511,Gondite,548.4,9.1,0.9,0.1344,0.1561,0.2212,0.2161,0.2404,0.1652,1.6458,0.7645,1.4552,0.0416,-0.0117,-0.0532,53.5,1689.3
MN-SURV-0095,"Groote Eylandt (Northern Territory, Australia)",-13.61231,136.81978,Gondite,523.3,22.7,1.27,0.0589,0.1634,0.139,0.231,0.2632,0.1269,2.3599,0.5494,2.0741,0.3088,0.2486,-0.0652,53.5,503.9
MN-SURV-0096,"Kendujhar-Joda Belt (Odisha, India)",21.95301,85.62324,Banded Iron Formation (BIF),445.2,11.1,0.35,0.1065,0.1017,0.211,0.2566,0.353,0.1857,1.9812,0.7237,1.9009,0.2518,0.0975,-0.1581,53.15,3864.1
MN-SURV-0097,"Minas Gerais Belt (Quadrilatero Ferrifero, Brazil)",-20.25823,-44.04497,Phyllite-Chert,431.6,10.9,0.88,0.0826,0.0997,0.2241,0.2316,0.2832,0.2264,2.7131,0.9775,1.2509,0.1165,0.0165,-0.1002,46.87,473.1
MN-SURV-0098,"Kendujhar-Joda Belt (Odisha, India)",22.00682,85.34044,Gondite,526.0,7.4,2.74,0.1284,0.1653,0.1761,0.2158,0.307,0.2283,1.3715,1.0579,1.3447,0.271,0.1013,-0.1744,46.64,165.1
MN-SURV-0099,"Kalahari Manganese Field (Hotazel, South Africa)",-27.22664,23.29411,Laterite Cap,362.7,13.6,9.95,0.1477,0.1666,0.3102,0.3594,0.3737,0.3041,2.1002,0.8461,1.2289,0.0928,0.0735,-0.0195,2.27,6.5
MN-SURV-0100,"Nagpur-Bhandara Belt (Sausar Group, India)",21.29736,79.27398,Banded Iron Formation (BIF),501.5,18.4,1.89,0.1242,0.1514,0.245,0.2143,0.3471,0.192,1.9726,0.8959,1.8078,0.1724,-0.0668,-0.2366,51.55,545.1
MN-SURV-0101,"Groote Eylandt (Northern Territory, Australia)",-14.20035,136.28061,Banded Iron Formation (BIF),476.3,5.3,0.22,0.1272,0.0868,0.1466,0.2252,0.3226,0.1842,1.1525,0.8179,1.7514,0.3751,0.2114,-0.1778,52.84,1659.5
MN-SURV-0102,"Groote Eylandt (Northern Territory, Australia)",-13.66675,136.42657,Quartzite-Schist,362.7,14.1,10.5,0.1692,0.2467,0.2894,0.2981,0.4051,0.3563,1.7104,1.1952,1.137,0.1666,0.0148,-0.1522,4.52,6.8
MN-SURV-0103,"Kendujhar-Joda Belt (Odisha, India)",22.33559,85.41188,Gondite,384.5,17.8,0.74,0.1261,0.1613,0.1542,0.2498,0.3501,0.1972,1.2228,0.7894,1.7754,0.3885,0.2366,-0.1672,52.8,995.5
MN-SURV-0104,"Kendujhar-Joda Belt (Odisha, India)",22.35427,85.13942,Phyllite-Chert,431.2,17.7,0.37,0.1254,0.1817,0.1918,0.1922,0.3278,0.2319,1.5295,1.2066,1.4135,0.2617,0.001,-0.2608,34.86,204.5
MN-SURV-0105,"Kendujhar-Joda Belt (Odisha, India)",22.24938,85.39922,Gondite,364.4,25.1,0.68,0.1342,0.1555,0.1663,0.2257,0.2942,0.1756,1.2392,0.778,1.6754,0.2777,0.1515,-0.1318,48.6,1936.2
MN-SURV-0106,"Minas Gerais Belt (Quadrilatero Ferrifero, Brazil)",-20.19401,-43.75696,Banded Iron Formation (BIF),428.1,21.3,1.45,0.1116,0.1244,0.2048,0.2397,0.3625,0.2291,1.8351,0.9558,1.5823,0.278,0.0785,-0.2039,48.06,1018.3
MN-SURV-0107,"Minas Gerais Belt (Quadrilatero Ferrifero, Brazil)",-20.49678,-43.92027,Gondite,461.9,24.3,0.4,0.1403,0.1558,0.1493,0.3142,0.3588,0.2104,1.0641,0.6696,1.7053,0.4123,0.3558,-0.0663,50.16,1724.4
MN-SURV-0108,"Minas Gerais Belt (Quadrilatero Ferrifero, Brazil)",-20.47087,-43.89644,Gondite,464.4,24.4,0.13,0.0713,0.1268,0.2031,0.1642,0.3168,0.2262,2.8485,1.3776,1.4005,0.2187,-0.1059,-0.3173,53.5,810.9
MN-SURV-0109,"Kalahari Manganese Field (Hotazel, South Africa)",-26.89385,23.09421,Basalt,331.3,5.0,11.09,0.183,0.2244,0.2414,0.3327,0.4164,0.3313,1.3191,0.9958,1.2569,0.266,0.159,-0.1117,3.77,4.4
MN-SURV-0110,"Sandur Manganese Belt (Karnataka, India)",14.90468,76.38036,Quartzite-Schist,334.7,1.3,9.88,0.1514,0.2194,0.2301,0.2288,0.4242,0.3768,1.5198,1.6469,1.1258,0.2967,-0.0028,-0.2992,4.24,12.7
MN-SURV-0111,"Minas Gerais Belt (Quadrilatero Ferrifero, Brazil)",-20.56342,-43.85684,Phyllite-Chert,350.8,7.6,4.87,0.1259,0.1086,0.1888,0.1857,0.3287,0.1888,1.4996,1.0167,1.741,0.2703,-0.0083,-0.278,37.67,120.0
MN-SURV-0112,"Kalahari Manganese Field (Hotazel, South Africa)",-27.48781,23.07863,Laterite Cap,524.1,24.5,0.41,0.0992,0.1653,0.1115,0.2496,0.3672,0.1432,1.124,0.5737,2.5642,0.5342,0.3824,-0.1907,45.47,570.6
MN-SURV-0113,"Sandur Manganese Belt (Karnataka, India)",15.32498,76.65832,Gondite,429.7,10.9,1.36,0.0958,0.1418,0.2219,0.2423,0.2841,0.1879,2.3163,0.7755,1.512,0.1229,0.0439,-0.0794,53.5,359.9
MN-SURV-0114,"Sandur Manganese Belt (Karnataka, India)",15.25788,76.20256,Banded Iron Formation (BIF),424.2,11.5,0.31,0.0909,0.1796,0.1914,0.3131,0.3908,0.1806,2.1056,0.5768,2.1639,0.3425,0.2412,-0.1104,53.5,709.3
MN-SURV-0115,"Groote Eylandt (Northern Territory, Australia)",-13.99381,136.52817,Banded Iron Formation (BIF),483.9,15.3,0.36,0.1354,0.1223,0.1517,0.195,0.2643,0.2087,1.1204,1.0703,1.2664,0.2707,0.1249,-0.1509,45.03,302.7
MN-SURV-0116,"Kendujhar-Joda Belt (Odisha, India)",21.91417,85.69803,Banded Iron Formation (BIF),429.8,27.3,1.19,0.1143,0.1376,0.1703,0.2713,0.3327,0.2251,1.4899,0.8297,1.478,0.3229,0.2287,-0.1017,43.29,766.9
MN-SURV-0117,"Nagpur-Bhandara Belt (Sausar Group, India)",21.32243,79.81888,Quartzite-Schist,377.5,3.6,4.08,0.1744,0.2496,0.3075,0.4795,0.409,0.3563,1.7632,0.7431,1.1479,0.1417,0.2186,0.0793,3.16,14.2
MN-SURV-0118,"Kalahari Manganese Field (Hotazel, South Africa)",-27.47248,23.13171,Laterite Cap,374.5,2.6,8.69,0.1891,0.1867,0.2264,0.3567,0.3856,0.2588,1.1973,0.7255,1.49,0.2601,0.2235,-0.0389,4.24,8.3
MN-SURV-0119,"Kendujhar-Joda Belt (Odisha, India)",21.75938,85.31356,Phyllite-Chert,509.8,12.5,1.36,0.0796,0.1711,0.1769,0.289,0.3115,0.1947,2.2224,0.6737,1.5999,0.2756,0.2406,-0.0375,40.31,218.7
MN-SURV-0120,"Sandur Manganese Belt (Karnataka, India)",15.32902,76.34903,Basalt,376.2,13.2,8.61,0.186,0.2238,0.3376,0.3,0.3461,0.3657,1.8151,1.219,0.9464,0.0124,-0.059,-0.0714,5.1,17.3
MN-SURV-0121,"Minas Gerais Belt (Quadrilatero Ferrifero, Brazil)",-19.97081,-43.69446,Basalt,351.2,1.3,4.11,0.1332,0.1772,0.2371,0.2839,0.3681,0.2893,1.78,1.019,1.2724,0.2165,0.0898,-0.1291,6.34,8.8
MN-SURV-0122,"Sandur Manganese Belt (Karnataka, India)",14.92603,76.79084,Laterite Cap,428.3,17.4,1.78,0.1087,0.1622,0.1642,0.2664,0.2945,0.2019,1.5106,0.7579,1.4586,0.2841,0.2373,-0.0501,39.74,192.5
MN-SURV-0123,"Nagpur-Bhandara Belt (Sausar Group, India)",21.35814,79.34089,Gondite,405.8,7.2,0.53,0.129,0.1828,0.1769,0.2332,0.3128,0.2307,1.3713,0.9893,1.3559,0.2775,0.1373,-0.1458,51.32,884.5
MN-SURV-0124,"Nagpur-Bhandara Belt (Sausar Group, India)",21.07528,79.79908,Banded Iron Formation (BIF),451.6,26.8,0.2,0.1228,0.1381,0.2063,0.2245,0.2746,0.1778,1.68,0.792,1.5444,0.142,0.0422,-0.1004,52.47,859.8
MN-SURV-0125,"Kendujhar-Joda Belt (Odisha, India)",21.8262,85.42865,Gondite,471.6,13.3,0.9,0.1185,0.1436,0.2244,0.2644,0.4016,0.1937,1.8937,0.7326,2.0733,0.2831,0.0818,-0.206,53.5,420.5
MN-SURV-0126,"Kendujhar-Joda Belt (Odisha, India)",21.85377,85.75007,Banded Iron Formation (BIF),419.8,23.5,0.36,0.1093,0.1024,0.2028,0.2433,0.2517,0.1792,1.8554,0.7365,1.4046,0.1076,0.0908,-0.017,49.41,4688.3
MN-SURV-0127,"Kendujhar-Joda Belt (Odisha, India)",21.69107,85.26448,Basalt,428.2,3.3,10.27,0.2111,0.2226,0.2426,0.3535,0.3653,0.3457,1.1492,0.9779,1.0567,0.2018,0.186,-0.0164,3.64,23.8
MN-SURV-0128,"Minas Gerais Belt (Quadrilatero Ferrifero, Brazil)",-20.10018,-43.72447,Phyllite-Chert,408.7,15.5,3.82,0.0958,0.1279,0.1844,0.3045,0.3459,0.1806,1.9248,0.5931,1.9153,0.3045,0.2457,-0.0637,36.5,120.0
MN-SURV-0129,"Groote Eylandt (Northern Territory, Australia)",-13.92529,136.88022,Gondite,455.9,19.7,1.76,0.1456,0.1134,0.2043,0.2522,0.3122,0.2791,1.4032,1.1067,1.1186,0.2089,0.1049,-0.1063,45.03,349.3
MN-SURV-0130,"Kendujhar-Joda Belt (Odisha, India)",22.03378,85.1695,Banded Iron Formation (BIF),583.0,24.4,0.52,0.1437,0.207,0.1654,0.1616,0.3393,0.2199,1.151,1.3608,1.543,0.3446,-0.0116,-0.3548,43.78,1784.7
MN-SURV-0131,"Kendujhar-Joda Belt (Odisha, India)",21.71433,85.44977,Quartzite-Schist,485.7,3.3,4.65,0.1521,0.1553,0.3198,0.3729,0.3761,0.3227,2.1026,0.8654,1.1655,0.0809,0.0767,-0.0043,9.36,8.8
MN-SURV-0132,"Nagpur-Bhandara Belt (Sausar Group, India)",21.27211,79.23812,Banded Iron Formation (BIF),609.2,13.4,1.32,0.1126,0.1259,0.1737,0.1727,0.2778,0.2238,1.5426,1.2959,1.2413,0.2306,-0.0029,-0.2333,47.68,303.1
MN-SURV-0133,"Minas Gerais Belt (Quadrilatero Ferrifero, Brazil)",-19.91958,-43.99006,Quartzite-Schist,356.3,2.8,3.79,0.1766,0.2153,0.2541,0.3868,0.2996,0.295,1.4388,0.7627,1.0156,0.0822,0.2071,0.127,1.68,8.7
MN-SURV-0134,"Groote Eylandt (Northern Territory, Australia)",-14.09022,136.87188,Phyllite-Chert,385.6,17.5,5.0,0.1314,0.1015,0.1354,0.2612,0.2284,0.1964,1.0304,0.7519,1.1629,0.2556,0.3172,0.067,27.92,120.0
MN-SURV-0135,"Kendujhar-Joda Belt (Odisha, India)",21.90933,85.64877,Basalt,313.0,12.0,7.32,0.1466,0.2424,0.2668,0.413,0.3947,0.2808,1.8199,0.6799,1.4056,0.1933,0.2151,0.0227,4.82,4.8
MN-SURV-0136,"Sandur Manganese Belt (Karnataka, India)",15.12856,76.62446,Gondite,487.8,8.0,0.15,0.1312,0.2061,0.1349,0.2501,0.3287,0.228,1.0282,0.9116,1.4417,0.418,0.2992,-0.1358,49.51,1172.3
MN-SURV-0137,"Nagpur-Bhandara Belt (Sausar Group, India)",21.50653,79.45675,Laterite Cap,693.9,15.1,3.67,0.0918,0.1407,0.1784,0.3057,0.3067,0.1226,1.9434,0.401,2.5016,0.2645,0.263,-0.0016,48.93,328.5
MN-SURV-0138,"Kendujhar-Joda Belt (Odisha, India)",22.0641,85.6759,Quartzite-Schist,450.3,8.1,10.36,0.1856,0.2324,0.3197,0.4083,0.3698,0.3332,1.7225,0.8161,1.1098,0.0727,0.1217,0.0495,4.98,13.6
MN-SURV-0139,"Kalahari Manganese Field (Hotazel, South Africa)",-27.21621,23.08141,Quartzite-Schist,425.3,11.4,3.78,0.1509,0.1786,0.2349,0.3931,0.4277,0.3657,1.5567,0.9303,1.1695,0.291,0.2519,-0.0422,4.73,15.4
MN-SURV-0140,"Minas Gerais Belt (Quadrilatero Ferrifero, Brazil)",-20.02465,-43.58357,Dolomitic Marble,430.6,9.1,3.49,0.1622,0.2662,0.2322,0.3981,0.3236,0.4455,1.4316,1.1191,0.7264,0.1644,0.2632,0.1032,2.51,14.7
MN-SURV-0141,"Kalahari Manganese Field (Hotazel, South Africa)",-26.99384,23.09496,Gondite,457.7,16.0,0.72,0.09,0.1209,0.2062,0.2148,0.3038,0.2145,2.2911,0.9986,1.4163,0.1914,0.0204,-0.1716,53.5,1060.2
MN-SURV-0142,"Minas Gerais Belt (Quadrilatero Ferrifero, Brazil)",-20.57643,-43.99976,Phyllite-Chert,545.5,17.1,0.35,0.0852,0.1569,0.1922,0.292,0.3025,0.2618,2.2559,0.8966,1.1555,0.223,0.2061,-0.0177,35.63,387.1
MN-SURV-0143,"Minas Gerais Belt (Quadrilatero Ferrifero, Brazil)",-20.03723,-43.76325,Gondite,414.2,5.0,1.89,0.1095,0.0958,0.1592,0.2236,0.289,0.1953,1.4539,0.8734,1.4798,0.2896,0.1682,-0.1276,52.8,257.2
MN-SURV-0144,"Sandur Manganese Belt (Karnataka, India)",15.22488,76.23388,Basalt,316.1,5.4,4.84,0.1805,0.1942,0.305,0.3364,0.3411,0.3764,1.6898,1.1189,0.9062,0.0559,0.049,-0.0069,4.27,13.5
MN-SURV-0145,"Minas Gerais Belt (Quadrilatero Ferrifero, Brazil)",-20.30433,-43.88588,Quartzite-Schist,307.8,2.8,3.6,0.1824,0.2034,0.2263,0.3705,0.4075,0.322,1.2407,0.8691,1.2655,0.2859,0.2416,-0.0476,2.31,15.2
MN-SURV-0146,"Nagpur-Bhandara Belt (Sausar Group, India)",21.10376,79.67728,Basalt,250.1,6.2,5.92,0.1847,0.22,0.284,0.2778,0.2652,0.3125,1.5376,1.1249,0.8486,-0.0342,-0.011,0.0232,6.02,9.4
MN-SURV-0147,"Kalahari Manganese Field (Hotazel, South Africa)",-27.4016,23.06015,Laterite Cap,566.0,14.1,0.39,0.1294,0.1801,0.1577,0.2233,0.361,0.2184,1.2187,0.9781,1.6529,0.3919,0.1722,-0.2357,39.56,289.2
MN-SURV-0148,"Groote Eylandt (Northern Territory, Australia)",-14.25026,136.2801,Dolomitic Marble,367.4,1.4,9.93,0.1992,0.1922,0.2641,0.2959,0.4194,0.3488,1.3258,1.1788,1.2024,0.2272,0.0568,-0.1727,2.25,21.6
MN-SURV-0149,"Groote Eylandt (Northern Territory, Australia)",-13.89341,136.25695,Laterite Cap,533.8,7.8,0.98,0.0864,0.1679,0.2015,0.2687,0.3275,0.1907,2.3322,0.7097,1.7174,0.2382,0.1429,-0.0986,50.07,1005.9
MN-SURV-0150,"Kalahari Manganese Field (Hotazel, South Africa)",-27.39372,23.0493,Banded Iron Formation (BIF),572.3,11.7,1.41,0.0952,0.1657,0.1839,0.2608,0.3877,0.203,1.9317,0.7784,1.9099,0.3565,0.1729,-0.1957,49.9,329.2
MN-SURV-0151,"Kendujhar-Joda Belt (Odisha, India)",22.15709,85.72616,Banded Iron Formation (BIF),426.3,21.7,0.17,0.127,0.1843,0.2438,0.2573,0.3436,0.2594,1.9197,1.0082,1.3246,0.1699,0.0269,-0.1436,49.61,1641.2
MN-SURV-0152,"Nagpur-Bhandara Belt (Sausar Group, India)",21.57693,79.53481,Phyllite-Chert,517.3,15.8,1.31,0.115,0.1795,0.1495,0.2076,0.2597,0.1818,1.3,0.8757,1.4285,0.2693,0.1627,-0.1115,36.5,379.2
MN-SURV-0153,"Kalahari Manganese Field (Hotazel, South Africa)",-27.06693,23.25142,Gondite,502.5,9.1,0.15,0.0762,0.122,0.159,0.2901,0.3362,0.1965,2.0866,0.6774,1.7109,0.3578,0.2919,-0.0736,53.5,4940.8
MN-SURV-0154,"Sandur Manganese Belt (Karnataka, India)",15.04188,76.33643,Phyllite-Chert,350.6,18.7,4.87,0.0789,0.1512,0.1911,0.2419,0.3233,0.1752,2.4221,0.7243,1.8453,0.257,0.1173,-0.144,41.12,120.0
MN-SURV-0155,"Kalahari Manganese Field (Hotazel, South Africa)",-27.54007,23.18057,Basalt,264.8,7.4,9.13,0.1958,0.2163,0.2563,0.3701,0.4004,0.3664,1.309,0.99,1.0928,0.2194,0.1817,-0.0393,2.45,16.5
MN-SURV-0156,"Groote Eylandt (Northern Territory, Australia)",-14.30153,136.25633,Laterite Cap,501.3,14.9,0.41,0.1183,0.1087,0.1981,0.2753,0.2919,0.1735,1.6746,0.6302,1.6824,0.1914,0.1631,-0.0293,45.65,481.6
MN-SURV-0157,"Minas Gerais Belt (Quadrilatero Ferrifero, Brazil)",-20.59969,-43.51903,Laterite Cap,542.6,27.8,3.82,0.1799,0.1034,0.2477,0.2277,0.3066,0.1665,1.3769,0.7312,1.8414,0.1063,-0.0421,-0.1477,35.59,248.8
MN-SURV-0158,"Kalahari Manganese Field (Hotazel, South Africa)",-27.09036,22.76828,Laterite Cap,638.7,18.3,0.23,0.0717,0.1018,0.181,0.2486,0.3024,0.1361,2.5244,0.5475,2.2219,0.2511,0.1574,-0.0976,53.5,1108.2
MN-SURV-0159,"Kendujhar-Joda Belt (Odisha, India)",21.76067,85.37107,Dolomitic Marble,427.1,1.5,6.31,0.1999,0.2362,0.2645,0.3992,0.3472,0.3004,1.3232,0.7525,1.1558,0.1352,0.203,0.0697,0.87,1.0
MN-SURV-0160,"Kalahari Manganese Field (Hotazel, South Africa)",-26.89145,22.95484,Phyllite-Chert,505.6,14.8,2.27,0.1377,0.1709,0.1479,0.2672,0.3577,0.1277,1.0741,0.4779,2.8011,0.415,0.2874,-0.1448,43.36,120.0
MN-SURV-0161,"Minas Gerais Belt (Quadrilatero Ferrifero, Brazil)",-20.09381,-44.00961,Gondite,548.3,23.8,0.79,0.0981,0.1159,0.2044,0.2935,0.3693,0.1732,2.0836,0.5901,2.1322,0.2874,0.179,-0.1144,53.5,384.5
MN-SURV-0162,"Nagpur-Bhandara Belt (Sausar Group, India)",21.28966,79.76136,Laterite Cap,394.5,3.3,9.67,0.1523,0.2638,0.1912,0.3201,0.3914,0.4301,1.2554,1.3436,0.91,0.3436,0.2521,-0.1002,4.55,23.2
MN-SURV-0163,"Kendujhar-Joda Belt (Odisha, India)",22.0999,85.40731,Laterite Cap,458.0,7.9,1.3,0.1134,0.1135,0.2014,0.2784,0.2618,0.1837,1.776,0.6598,1.4251,0.1304,0.1605,0.0307,42.84,259.1
MN-SURV-0164,"Kalahari Manganese Field (Hotazel, South Africa)",-26.98505,22.73667,Gondite,533.5,13.8,4.71,0.1288,0.151,0.2034,0.2583,0.377,0.1898,1.5792,0.7348,1.9863,0.2991,0.1189,-0.1868,52.12,130.4
MN-SURV-0165,"Groote Eylandt (Northern Territory, Australia)",-14.04095,136.26764,Basalt,523.7,13.1,9.19,0.1782,0.2336,0.291,0.2999,0.3897,0.406,1.633,1.3538,0.9599,0.145,0.0151,-0.1302,3.87,15.9
MN-SURV-0166,"Kendujhar-Joda Belt (Odisha, India)",22.32673,85.22871,Dolomitic Marble,317.7,14.1,8.93,0.1642,0.1753,0.3006,0.3503,0.4476,0.3297,1.8307,0.9412,1.3576,0.1965,0.0764,-0.1219,1.38,17.5
MN-SURV-0167,"Groote Eylandt (Northern Territory, Australia)",-14.17916,136.26386,Gondite,460.3,20.6,0.74,0.1078,0.1576,0.1879,0.2779,0.2809,0.1453,1.743,0.5228,1.9332,0.1984,0.1932,-0.0054,53.5,771.8
MN-SURV-0168,"Groote Eylandt (Northern Territory, Australia)",-13.83996,136.6926,Gondite,486.2,27.3,1.77,0.1092,0.1326,0.1642,0.2197,0.2433,0.1435,1.5037,0.6532,1.6955,0.1941,0.1446,-0.051,51.85,215.0
MN-SURV-0169,"Minas Gerais Belt (Quadrilatero Ferrifero, Brazil)",-20.46713,-43.74247,Banded Iron Formation (BIF),502.9,9.0,0.19,0.1178,0.2013,0.2023,0.2946,0.3849,0.2071,1.7173,0.703,1.8585,0.311,0.1858,-0.1329,49.04,2892.2
MN-SURV-0170,"Kendujhar-Joda Belt (Odisha, India)",22.09655,85.52395,Gondite,406.6,18.7,4.12,0.0974,0.1603,0.1456,0.2728,0.3715,0.1507,1.4949,0.5524,2.4652,0.4369,0.304,-0.1532,52.76,252.7
MN-SURV-0171,"Sandur Manganese Belt (Karnataka, India)",15.16764,76.45149,Banded Iron Formation (BIF),478.0,22.1,0.68,0.1114,0.1581,0.2027,0.2984,0.2767,0.2144,1.8196,0.7185,1.2906,0.1544,0.191,0.0377,51.45,1073.7
MN-SURV-0172,"Minas Gerais Belt (Quadrilatero Ferrifero, Brazil)",-19.95982,-43.84619,Banded Iron Formation (BIF),402.1,7.1,1.64,0.1035,0.1404,0.1774,0.3027,0.3616,0.2183,1.714,0.7212,1.6564,0.3417,0.261,-0.0887,48.22,310.6
MN-SURV-0173,"Groote Eylandt (Northern Territory, Australia)",-14.30038,136.42386,Gondite,520.0,26.5,0.44,0.1087,0.1221,0.2005,0.2995,0.2868,0.1984,1.8445,0.6624,1.4456,0.1771,0.198,0.0217,53.5,345.4
MN-SURV-0174,"Kalahari Manganese Field (Hotazel, South Africa)",-27.19047,22.77735,Basalt,482.6,13.2,9.82,0.1862,0.1787,0.2464,0.3202,0.4337,0.319,1.3233,0.9963,1.3596,0.2754,0.1303,-0.1506,5.7,15.5
MN-SURV-0175,"Groote Eylandt (Northern Territory, Australia)",-13.93548,136.35107,Quartzite-Schist,448.1,1.2,7.25,0.194,0.2603,0.2759,0.2843,0.3399,0.2185,1.4222,0.7686,1.5556,0.1039,0.015,-0.0891,1.99,17.9
MN-SURV-0176,"Minas Gerais Belt (Quadrilatero Ferrifero, Brazil)",-20.48768,-44.10066,Banded Iron Formation (BIF),414.0,16.8,2.66,0.1068,0.1543,0.209,0.2267,0.2855,0.152,1.9569,0.6705,1.8783,0.1547,0.0406,-0.1148,43.36,298.2
MN-SURV-0177,"Kalahari Manganese Field (Hotazel, South Africa)",-26.97001,23.1525,Laterite Cap,367.9,24.8,3.76,0.0871,0.1059,0.2012,0.2404,0.3526,0.1151,2.31,0.4788,3.0634,0.2734,0.0888,-0.1892,50.8,387.2
MN-SURV-0178,"Kendujhar-Joda Belt (Odisha, India)",21.95016,85.07928,Banded Iron Formation (BIF),512.9,17.2,0.74,0.1197,0.1208,0.2243,0.1296,0.2933,0.2117,1.8739,1.6335,1.3855,0.1333,-0.2676,-0.3871,45.75,979.1
MN-SURV-0179,"Sandur Manganese Belt (Karnataka, India)",14.78849,76.20339,Laterite Cap,468.3,10.4,0.43,0.0944,0.1328,0.1832,0.1789,0.2533,0.211,1.9407,1.1794,1.2005,0.1606,-0.0119,-0.1721,40.75,1029.0
MN-SURV-0180,"Nagpur-Bhandara Belt (Sausar Group, India)",21.33026,79.50863,Dolomitic Marble,367.7,9.5,4.13,0.2427,0.1409,0.2601,0.3664,0.4262,0.2893,1.0717,0.7896,1.4732,0.242,0.1697,-0.0754,3.2,5.7
MN-SURV-0181,"Kalahari Manganese Field (Hotazel, South Africa)",-27.1914,22.68,Quartzite-Schist,417.2,11.2,9.84,0.2108,0.2296,0.2237,0.4355,0.3669,0.3582,1.0612,0.8225,1.0243,0.2425,0.3213,0.0855,4.44,20.4
MN-SURV-0182,"Minas Gerais Belt (Quadrilatero Ferrifero, Brazil)",-20.02503,-43.55967,Gondite,443.4,25.7,1.98,0.1264,0.107,0.1739,0.208,0.3075,0.2333,1.3758,1.1216,1.318,0.2775,0.0893,-0.193,47.02,559.6
MN-SURV-0183,"Nagpur-Bhandara Belt (Sausar Group, India)",21.55016,79.72355,Laterite Cap,603.7,13.6,0.82,0.1159,0.1402,0.178,0.2171,0.316,0.1801,1.5358,0.8296,1.7546,0.2794,0.099,-0.1855,46.83,385.9
MN-SURV-0184,"Kendujhar-Joda Belt (Odisha, India)",22.3105,85.33546,Dolomitic Marble,607.5,5.9,6.05,0.1761,0.1971,0.27,0.267,0.471,0.4003,1.5332,1.4993,1.1766,0.2713,-0.0056,-0.2764,5.83,18.2
MN-SURV-0185,"Kendujhar-Joda Belt (Odisha, India)",22.12981,85.50433,Basalt,377.2,9.9,4.35,0.1889,0.2339,0.2679,0.3656,0.465,0.3936,1.4182,1.0766,1.1814,0.2689,0.1542,-0.1197,5.49,11.3
MN-SURV-0186,"Minas Gerais Belt (Quadrilatero Ferrifero, Brazil)",-20.10106,-43.87965,Gondite,393.5,15.4,1.2,0.0857,0.1636,0.2058,0.3231,0.3669,0.1842,2.4014,0.5701,1.9919,0.2813,0.2218,-0.0635,53.5,758.8
MN-SURV-0187,"Sandur Manganese Belt (Karnataka, India)",15.21465,76.37484,Quartzite-Schist,454.0,11.9,5.58,0.1555,0.2017,0.2195,0.3851,0.3037,0.3709,1.4116,0.9631,0.8188,0.1609,0.2739,0.1182,4.77,6.4
MN-SURV-0188,"Groote Eylandt (Northern Territory, Australia)",-13.76844,136.77349,Gondite,593.6,9.6,0.85,0.1216,0.126,0.1331,0.2792,0.3242,0.1776,1.0946,0.6361,1.8255,0.4179,0.3544,-0.0746,53.5,691.5
MN-SURV-0189,"Minas Gerais Belt (Quadrilatero Ferrifero, Brazil)",-20.02221,-43.55859,Banded Iron Formation (BIF),577.2,18.0,0.18,0.1332,0.1197,0.1911,0.2526,0.3061,0.1724,1.4347,0.6825,1.7755,0.2313,0.1386,-0.0958,48.05,1803.3
MN-SURV-0190,"Kendujhar-Joda Belt (Odisha, India)",21.67102,85.082,Dolomitic Marble,344.8,9.9,5.44,0.1406,0.2211,0.2156,0.2624,0.3036,0.3067,1.5334,1.1688,0.9899,0.1695,0.0979,-0.0728,5.39,21.4
MN-SURV-0191,"Minas Gerais Belt (Quadrilatero Ferrifero, Brazil)",-20.32754,-43.98979,Laterite Cap,636.3,20.6,3.28,0.1174,0.0875,0.1988,0.2754,0.2863,0.1943,1.6934,0.7055,1.4735,0.1804,0.1615,-0.0194,37.49,198.1
MN-SURV-0192,"Minas Gerais Belt (Quadrilatero Ferrifero, Brazil)",-20.15785,-44.11193,Laterite Cap,561.3,14.3,3.16,0.1752,0.2683,0.2742,0.3322,0.4439,0.274,1.5651,0.8248,1.6201,0.2363,0.0956,-0.1439,4.1,8.8
MN-SURV-0193,"Nagpur-Bhandara Belt (Sausar Group, India)",21.45679,79.61975,Dolomitic Marble,373.6,9.3,11.63,0.1506,0.3119,0.2159,0.3344,0.2973,0.3669,1.4336,1.0972,0.8103,0.1586,0.2153,0.0587,5.18,8.3
MN-SURV-0194,"Minas Gerais Belt (Quadrilatero Ferrifero, Brazil)",-20.30367,-44.0908,Laterite Cap,429.5,27.9,2.67,0.107,0.1117,0.1987,0.2652,0.2778,0.2213,1.857,0.8345,1.2553,0.166,0.1433,-0.0232,39.12,183.3
MN-SURV-0195,"Minas Gerais Belt (Quadrilatero Ferrifero, Brazil)",-20.55632,-43.9153,Laterite Cap,459.5,27.4,2.14,0.1059,0.1213,0.1747,0.1781,0.2904,0.18,1.6497,1.0107,1.6133,0.2488,0.0096,-0.2397,41.26,120.0
MN-SURV-0196,"Kendujhar-Joda Belt (Odisha, India)",21.88838,85.27957,Gondite,449.6,8.6,0.46,0.1007,0.1742,0.1458,0.2248,0.3233,0.2208,1.4479,0.9822,1.4642,0.3784,0.2132,-0.1797,52.31,469.5
MN-SURV-0197,"Kendujhar-Joda Belt (Odisha, India)",22.05439,85.63266,Banded Iron Formation (BIF),553.2,6.3,0.95,0.117,0.1149,0.1771,0.169,0.3068,0.1608,1.5137,0.9515,1.908,0.268,-0.0234,-0.2896,48.21,234.2
MN-SURV-0198,"Minas Gerais Belt (Quadrilatero Ferrifero, Brazil)",-20.35706,-43.76693,Quartzite-Schist,536.1,10.6,4.39,0.1103,0.2655,0.2743,0.2228,0.4794,0.3773,2.4869,1.6934,1.2706,0.2721,-0.1036,-0.3654,2.36,14.6
MN-SURV-0199,"Kalahari Manganese Field (Hotazel, South Africa)",-27.46374,23.08897,Banded Iron Formation (BIF),487.6,11.4,2.9,0.1446,0.1419,0.2129,0.2415,0.3258,0.1871,1.4723,0.7747,1.7413,0.2096,0.0629,-0.1486,45.01,245.2
MN-SURV-0200,"Kendujhar-Joda Belt (Odisha, India)",21.78799,85.648,Laterite Cap,461.6,17.8,4.3,0.1056,0.1124,0.1866,0.2887,0.2895,0.1649,1.767,0.5712,1.7556,0.2161,0.2148,-0.0014,41.35,178.0
MN-SURV-0201,"Sandur Manganese Belt (Karnataka, India)",15.42197,76.20767,Banded Iron Formation (BIF),418.6,17.7,0.99,0.1399,0.1532,0.2205,0.3065,0.3041,0.1714,1.5761,0.5592,1.7742,0.1594,0.1632,0.0039,46.68,308.7
MN-SURV-0202,"Kalahari Manganese Field (Hotazel, South Africa)",-26.88605,23.26127,Laterite Cap,489.6,26.5,1.95,0.0914,0.1586,0.21,0.2949,0.3343,0.2561,2.2976,0.8684,1.3053,0.2284,0.1682,-0.0626,46.35,169.8
MN-SURV-0203,"Kalahari Manganese Field (Hotazel, South Africa)",-27.4305,22.62132,Gondite,457.0,5.6,0.96,0.1254,0.1454,0.1952,0.397,0.2266,0.2504,1.5566,0.6307,0.905,0.0744,0.3408,0.2733,45.67,166.1
MN-SURV-0204,"Groote Eylandt (Northern Territory, Australia)",-13.80278,136.32812,Gondite,444.3,10.4,0.33,0.104,0.1705,0.1654,0.2972,0.2854,0.2014,1.5904,0.6777,1.4171,0.2662,0.2849,0.0203,53.5,3139.0
MN-SURV-0205,"Sandur Manganese Belt (Karnataka, India)",14.98612,76.41263,Quartzite-Schist,261.4,5.1,3.33,0.1615,0.1708,0.2201,0.2884,0.4404,0.4251,1.3628,1.474,1.036,0.3335,0.1343,-0.2086,4.78,23.1
MN-SURV-0206,"Groote Eylandt (Northern Territory, Australia)",-13.79265,136.44423,Laterite Cap,416.1,11.0,0.11,0.1432,0.1648,0.2112,0.1965,0.2588,0.1862,1.4749,0.9476,1.3899,0.1013,-0.0361,-0.1368,44.89,628.9
MN-SURV-0207,"Groote Eylandt (Northern Territory, Australia)",-14.17999,136.51076,Basalt,468.5,11.6,3.38,0.1897,0.1856,0.2634,0.2004,0.3707,0.2585,1.3885,1.2899,1.434,0.1692,-0.1358,-0.2982,5.2,18.9
MN-SURV-0208,"Minas Gerais Belt (Quadrilatero Ferrifero, Brazil)",-20.51964,-43.49093,Quartzite-Schist,451.1,5.2,10.72,0.185,0.2452,0.2212,0.3308,0.4277,0.2997,1.1957,0.906,1.4271,0.3182,0.1986,-0.1278,3.54,4.4
MN-SURV-0209,"Kalahari Manganese Field (Hotazel, South Africa)",-27.42076,22.83948,Phyllite-Chert,383.3,7.7,0.25,0.1146,0.1828,0.1781,0.166,0.3412,0.1331,1.5541,0.8018,2.5635,0.3141,-0.0352,-0.3454,46.26,1407.8
MN-SURV-0210,"Groote Eylandt (Northern Territory, Australia)",-13.7969,136.71106,Dolomitic Marble,368.4,9.1,7.88,0.1832,0.242,0.2715,0.2673,0.332,0.3339,1.482,1.2492,0.9943,0.1002,-0.0078,-0.108,1.95,11.2
MN-SURV-0211,"Minas Gerais Belt (Quadrilatero Ferrifero, Brazil)",-20.19045,-43.99161,Dolomitic Marble,218.9,6.9,9.15,0.2097,0.2295,0.2774,0.3339,0.4139,0.3795,1.3228,1.1366,1.0906,0.1975,0.0924,-0.107,4.48,6.4
MN-SURV-0212,"Kalahari Manganese Field (Hotazel, South Africa)",-27.51476,22.63694,Quartzite-Schist,399.0,7.7,4.65,0.2027,0.1775,0.2861,0.2567,0.4314,0.3615,1.4114,1.4083,1.1934,0.2025,-0.0542,-0.2539,1.48,0.8
MN-SURV-0213,"Nagpur-Bhandara Belt (Sausar Group, India)",21.25973,79.27634,Banded Iron Formation (BIF),330.4,26.4,0.89,0.101,0.1538,0.216,0.2215,0.2935,0.2304,2.1386,1.0402,1.2739,0.1521,0.0126,-0.1398,46.41,607.4
MN-SURV-0214,"Kalahari Manganese Field (Hotazel, South Africa)",-26.89402,22.81826,Banded Iron Formation (BIF),351.2,22.8,1.26,0.1491,0.1535,0.1737,0.2224,0.332,0.1927,1.165,0.8665,1.7229,0.313,0.1229,-0.1977,45.9,349.4
MN-SURV-0215,"Kendujhar-Joda Belt (Odisha, India)",21.90827,85.45546,Phyllite-Chert,572.6,6.6,2.12,0.0788,0.1745,0.166,0.2284,0.2672,0.1275,2.1066,0.5582,2.0957,0.2336,0.1582,-0.0783,47.21,133.2
MN-SURV-0216,"Kendujhar-Joda Belt (Odisha, India)",21.68041,85.70507,Gondite,426.9,12.3,0.98,0.1021,0.1265,0.1884,0.2049,0.2654,0.111,1.8452,0.5417,2.391,0.1697,0.042,-0.1286,53.5,505.4
MN-SURV-0217,"Sandur Manganese Belt (Karnataka, India)",15.10191,76.66421,Phyllite-Chert,465.1,24.4,2.19,0.1147,0.1338,0.216,0.2456,0.2313,0.1509,1.8832,0.6144,1.5328,0.0342,0.0641,0.03,39.11,934.6
MN-SURV-0218,"Minas Gerais Belt (Quadrilatero Ferrifero, Brazil)",-19.96889,-43.99936,Quartzite-Schist,327.1,12.5,10.37,0.1001,0.2501,0.3034,0.294,0.343,0.3626,3.031,1.2333,0.9459,0.0613,-0.0157,-0.0769,1.87,10.6
MN-SURV-0219,"Sandur Manganese Belt (Karnataka, India)",15.27831,76.37615,Basalt,157.7,3.2,8.23,0.2185,0.2526,0.2777,0.2924,0.3442,0.2886,1.2709,0.987,1.1927,0.1069,0.0258,-0.0814,6.07,9.6
MN-SURV-0220,"Nagpur-Bhandara Belt (Sausar Group, India)",21.58805,79.63696,Basalt,384.6,4.7,10.15,0.1437,0.2026,0.251,0.3818,0.3545,0.334,1.7467,0.8748,1.0614,0.1709,0.2067,0.0371,2.05,4.3
MN-SURV-0221,"Nagpur-Bhandara Belt (Sausar Group, India)",21.32374,79.16544,Banded Iron Formation (BIF),483.3,11.3,0.7,0.1115,0.1297,0.1773,0.2385,0.2408,0.2423,1.5901,1.0159,0.9938,0.1519,0.1472,-0.0048,42.1,238.1
MN-SURV-0222,"Sandur Manganese Belt (Karnataka, India)",14.86611,76.25524,Gondite,382.2,20.2,0.4,0.1287,0.1117,0.1543,0.1823,0.3443,0.1574,1.1989,0.8634,2.1874,0.3811,0.0832,-0.3076,53.5,1243.6
MN-SURV-0223,"Minas Gerais Belt (Quadrilatero Ferrifero, Brazil)",-20.36592,-43.8738,Gondite,615.8,6.3,1.12,0.1222,0.1579,0.1748,0.2332,0.2777,0.1429,1.4304,0.6128,1.9433,0.2274,0.1431,-0.0871,52.91,511.3
MN-SURV-0224,"Kalahari Manganese Field (Hotazel, South Africa)",-27.4146,23.04905,Laterite Cap,521.3,20.5,2.81,0.1017,0.1149,0.1574,0.1813,0.2899,0.2241,1.5477,1.2361,1.2936,0.2962,0.0706,-0.2305,35.95,311.0
MN-SURV-0225,"Groote Eylandt (Northern Territory, Australia)",-13.85053,136.62461,Gondite,483.5,19.7,5.0,0.1089,0.1284,0.149,0.2405,0.2915,0.1538,1.3682,0.6395,1.8953,0.3235,0.2349,-0.0959,53.22,120.0
MN-SURV-0226,"Kalahari Manganese Field (Hotazel, South Africa)",-27.3188,22.99496,Basalt,294.8,4.5,11.38,0.1181,0.2478,0.2817,0.4235,0.3948,0.3732,2.3853,0.8812,1.0579,0.1672,0.2011,0.0351,5.42,15.6
MN-SURV-0227,"Groote Eylandt (Northern Territory, Australia)",-14.20376,136.8727,Dolomitic Marble,255.2,2.7,2.55,0.2005,0.2183,0.3064,0.2866,0.3174,0.3783,1.5282,1.32,0.839,0.0176,-0.0334,-0.051,4.9,6.7
MN-SURV-0228,"Kalahari Manganese Field (Hotazel, South Africa)",-27.42158,23.0159,Gondite,568.5,21.7,0.13,0.1168,0.1699,0.1943,0.2375,0.3592,0.2141,1.6635,0.9015,1.6777,0.2979,0.1,-0.204,53.5,1050.3
MN-SURV-0229,"Nagpur-Bhandara Belt (Sausar Group, India)",21.70571,79.16529,Quartzite-Schist,263.9,11.0,7.86,0.1568,0.22,0.2679,0.3101,0.4114,0.328,1.7085,1.0577,1.2543,0.2112,0.073,-0.1404,3.3,13.8
MN-SURV-0230,"Minas Gerais Belt (Quadrilatero Ferrifero, Brazil)",-19.96982,-43.59547,Quartzite-Schist,364.1,11.2,11.49,0.1243,0.1936,0.2315,0.4093,0.4518,0.3281,1.8624,0.8016,1.377,0.3224,0.2775,-0.0494,5.9,2.0
MN-SURV-0231,"Sandur Manganese Belt (Karnataka, India)",14.81916,76.27839,Laterite Cap,412.6,3.1,6.88,0.1196,0.2197,0.2715,0.3892,0.3295,0.2869,2.2701,0.7372,1.1485,0.0965,0.1781,0.0831,0.5,13.0
MN-SURV-0232,"Nagpur-Bhandara Belt (Sausar Group, India)",21.29883,79.59639,Basalt,448.0,5.5,6.2,0.2077,0.186,0.2575,0.3467,0.3964,0.3355,1.2398,0.9677,1.1815,0.2124,0.1476,-0.0669,0.5,9.9
MN-SURV-0233,"Kalahari Manganese Field (Hotazel, South Africa)",-27.07924,23.07753,Gondite,620.9,19.2,1.3,0.1143,0.1144,0.213,0.2825,0.3313,0.2027,1.8635,0.7175,1.6344,0.2173,0.1403,-0.0795,53.5,376.2
MN-SURV-0234,"Minas Gerais Belt (Quadrilatero Ferrifero, Brazil)",-20.04244,-43.98722,Banded Iron Formation (BIF),517.2,27.4,0.99,0.0752,0.1155,0.1482,0.2769,0.2798,0.2256,1.9707,0.8147,1.2402,0.3075,0.3028,-0.0052,44.0,406.6
MN-SURV-0235,"Kendujhar-Joda Belt (Odisha, India)",22.10644,85.64405,Banded Iron Formation (BIF),415.8,19.7,1.5,0.0932,0.113,0.2051,0.2496,0.3238,0.235,2.2006,0.9415,1.3779,0.2244,0.0979,-0.1294,51.17,175.8
MN-SURV-0236,"Kalahari Manganese Field (Hotazel, South Africa)",-27.01069,22.83611,Quartzite-Schist,404.7,5.3,9.46,0.1755,0.2046,0.2948,0.3548,0.3975,0.3502,1.6798,0.987,1.1351,0.1483,0.0924,-0.0568,5.27,0.0
MN-SURV-0237,"Minas Gerais Belt (Quadrilatero Ferrifero, Brazil)",-20.51569,-43.74082,Basalt,198.5,10.2,3.09,0.1824,0.1561,0.2783,0.301,0.3223,0.2556,1.5258,0.8492,1.261,0.0733,0.0392,-0.0342,1.36,27.9
MN-SURV-0238,"Sandur Manganese Belt (Karnataka, India)",15.04877,76.48047,Basalt,425.7,3.3,4.38,0.1566,0.2029,0.2294,0.3002,0.3832,0.3199,1.4649,1.0656,1.1979,0.2511,0.1337,-0.1215,3.44,12.6
MN-SURV-0239,"Groote Eylandt (Northern Territory, Australia)",-14.16382,136.291,Banded Iron Formation (BIF),463.7,11.8,2.57,0.0731,0.163,0.1855,0.2956,0.315,0.1623,2.5376,0.5491,1.9409,0.2587,0.2289,-0.0318,53.5,301.7
MN-SURV-0240,"Kendujhar-Joda Belt (Odisha, India)",21.92008,85.50008,Gondite,534.8,12.1,0.86,0.1085,0.1042,0.1804,0.2811,0.2839,0.1819,1.6627,0.6471,1.5607,0.2229,0.2182,-0.005,53.5,331.0
MN-SURV-0241,"Kalahari Manganese Field (Hotazel, South Africa)",-26.85858,22.82798,Banded Iron Formation (BIF),325.5,19.0,2.04,0.0602,0.1154,0.1959,0.2913,0.3436,0.1776,3.2542,0.6097,1.9347,0.2738,0.1958,-0.0824,53.5,324.9
MN-SURV-0242,"Kalahari Manganese Field (Hotazel, South Africa)",-27.28175,22.75143,Gondite,497.0,19.5,2.16,0.1047,0.1481,0.2163,0.2857,0.2876,0.2344,2.0659,0.8204,1.227,0.1415,0.1382,-0.0033,51.29,800.1
MN-SURV-0243,"Kendujhar-Joda Belt (Odisha, India)",22.33056,85.44878,Gondite,535.6,6.8,1.28,0.0842,0.1473,0.1844,0.2154,0.3156,0.2456,2.19,1.1402,1.285,0.2624,0.0775,-0.1887,50.23,207.5
MN-SURV-0244,"Kendujhar-Joda Belt (Odisha, India)",22.17961,85.24091,Gondite,445.6,17.0,2.42,0.1058,0.1193,0.1613,0.2307,0.3095,0.1917,1.5246,0.8309,1.6145,0.3148,0.177,-0.1459,49.41,232.8
MN-SURV-0245,"Sandur Manganese Belt (Karnataka, India)",15.30564,76.82193,Banded Iron Formation (BIF),568.5,6.1,0.58,0.0869,0.1964,0.2014,0.2368,0.3414,0.2291,2.3176,0.9675,1.4902,0.2579,0.0808,-0.1809,53.5,1449.1
MN-SURV-0246,"Nagpur-Bhandara Belt (Sausar Group, India)",21.06879,79.3618,Quartzite-Schist,356.6,1.7,8.7,0.1439,0.2095,0.2623,0.3526,0.4045,0.2757,1.8228,0.7819,1.4672,0.2133,0.1469,-0.0686,1.53,16.1
MN-SURV-0247,"Kalahari Manganese Field (Hotazel, South Africa)",-27.16715,22.93256,Basalt,389.1,3.5,5.17,0.2154,0.2012,0.2618,0.3526,0.3549,0.2714,1.2154,0.7697,1.3077,0.151,0.1478,-0.0033,3.69,7.2
MN-SURV-0248,"Groote Eylandt (Northern Territory, Australia)",-14.01599,136.65485,Dolomitic Marble,459.4,8.3,10.73,0.2123,0.2248,0.2454,0.3375,0.3265,0.2295,1.1559,0.68,1.4227,0.1418,0.158,0.0166,2.06,25.0
MN-SURV-0249,"Sandur Manganese Belt (Karnataka, India)",14.73775,76.70112,Banded Iron Formation (BIF),465.8,10.6,0.26,0.0749,0.1126,0.2122,0.2033,0.3394,0.248,2.8331,1.2199,1.3685,0.2306,-0.0214,-0.2508,53.5,487.8
MN-SURV-0250,"Kendujhar-Joda Belt (Odisha, India)",22.0592,85.21708,Basalt,388.2,11.3,5.87,0.1972,0.2299,0.318,0.394,0.3261,0.4088,1.6126,1.0376,0.7977,0.0126,0.1067,0.0943,3.33,31.5
MN-SURV-0251,"Groote Eylandt (Northern Territory, Australia)",-14.12707,136.54337,Banded Iron Formation (BIF),408.7,19.4,0.51,0.11,0.1343,0.2098,0.2037,0.3126,0.1774,1.9073,0.8709,1.7621,0.1968,-0.0148,-0.2109,51.3,181.9
MN-SURV-0252,"Minas Gerais Belt (Quadrilatero Ferrifero, Brazil)",-20.42247,-43.70054,Banded Iron Formation (BIF),547.1,10.9,0.26,0.1339,0.0973,0.2045,0.2871,0.3294,0.1363,1.5273,0.4747,2.4167,0.2339,0.168,-0.0686,51.62,690.0
MN-SURV-0253,"Groote Eylandt (Northern Territory, Australia)",-13.75652,136.51931,Banded Iron Formation (BIF),578.5,13.9,1.17,0.1212,0.1197,0.2024,0.2779,0.2998,0.1914,1.67,0.6887,1.5664,0.1939,0.1572,-0.0379,43.2,281.5
MN-SURV-0254,"Kalahari Manganese Field (Hotazel, South Africa)",-26.89707,22.6141,Laterite Cap,450.9,6.1,0.84,0.1257,0.1876,0.2026,0.2592,0.318,0.2127,1.6118,0.8206,1.4951,0.2217,0.1226,-0.1019,43.75,391.0
MN-SURV-0255,"Minas Gerais Belt (Quadrilatero Ferrifero, Brazil)",-20.59935,-43.51774,Gondite,577.0,6.9,0.75,0.124,0.1339,0.1805,0.2169,0.329,0.197,1.4556,0.9083,1.6701,0.2915,0.0916,-0.2053,53.5,253.2
MN-SURV-0256,"Minas Gerais Belt (Quadrilatero Ferrifero, Brazil)",-20.0639,-43.66584,Basalt,364.2,7.0,3.74,0.1382,0.2558,0.2958,0.2814,0.3976,0.2411,2.1404,0.8568,1.6491,0.1468,-0.0249,-0.1711,6.12,18.1
MN-SURV-0257,"Kendujhar-Joda Belt (Odisha, India)",21.9388,85.07477,Laterite Cap,464.8,23.1,2.11,0.1197,0.1533,0.2136,0.2103,0.3261,0.1581,1.7845,0.7518,2.0626,0.2084,-0.0078,-0.2159,46.17,236.4
MN-SURV-0258,"Kendujhar-Joda Belt (Odisha, India)",21.83398,85.29186,Dolomitic Marble,470.7,8.0,5.37,0.1939,0.2031,0.2769,0.3666,0.3871,0.2833,1.4281,0.7728,1.3664,0.166,0.1394,-0.0272,4.09,29.7
MN-SURV-0259,"Kendujhar-Joda Belt (Odisha, India)",21.87423,85.11458,Gondite,482.7,6.9,0.81,0.115,0.1258,0.1682,0.2677,0.3352,0.2106,1.4626,0.7867,1.5916,0.3317,0.2283,-0.112,53.46,1506.8
MN-SURV-0260,"Kendujhar-Joda Belt (Odisha, India)",21.7782,85.10754,Quartzite-Schist,283.5,8.2,10.57,0.2246,0.1864,0.2443,0.3589,0.4415,0.3702,1.0877,1.0315,1.1926,0.2875,0.19,-0.1032,2.25,30.4
MN-SURV-0261,"Minas Gerais Belt (Quadrilatero Ferrifero, Brazil)",-19.91313,-43.49726,Quartzite-Schist,262.8,2.0,6.95,0.1935,0.2266,0.2427,0.3104,0.3957,0.2894,1.2543,0.9323,1.3673,0.2397,0.1224,-0.1208,1.64,19.3
MN-SURV-0262,"Kendujhar-Joda Belt (Odisha, India)",22.10074,85.67444,Laterite Cap,476.7,7.8,1.15,0.1025,0.1447,0.1298,0.2252,0.2954,0.1721,1.2663,0.7642,1.7164,0.3895,0.2687,-0.1348,40.73,307.7
MN-SURV-0263,"Kendujhar-Joda Belt (Odisha, India)",21.83498,85.12135,Quartzite-Schist,211.0,11.5,6.44,0.222,0.2085,0.2804,0.3258,0.3302,0.4314,1.2631,1.3241,0.7654,0.0816,0.0749,-0.0067,3.29,0.0
MN-SURV-0264,"Sandur Manganese Belt (Karnataka, India)",14.9481,76.78196,Gondite,435.1,22.3,0.67,0.1129,0.1201,0.2594,0.2678,0.4254,0.219,2.2976,0.8178,1.9425,0.2424,0.0159,-0.2274,53.5,922.8
MN-SURV-0265,"Nagpur-Bhandara Belt (Sausar Group, India)",21.19229,79.62389,Gondite,543.0,6.9,0.19,0.1273,0.165,0.2031,0.2072,0.3405,0.1615,1.5954,0.7794,2.1084,0.2528,0.01,-0.2434,53.5,3166.8
MN-SURV-0266,"Kendujhar-Joda Belt (Odisha, India)",22.13291,85.42623,Dolomitic Marble,213.7,14.9,2.59,0.17,0.2136,0.3202,0.3495,0.3948,0.3524,1.8835,1.0083,1.1203,0.1043,0.0438,-0.0609,2.04,22.4
MN-SURV-0267,"Kendujhar-Joda Belt (Odisha, India)",21.88812,85.73783,Gondite,510.9,23.6,2.91,0.0832,0.144,0.1597,0.2356,0.2853,0.1463,1.9195,0.621,1.9501,0.2822,0.192,-0.0954,53.5,340.6
MN-SURV-0268,"Nagpur-Bhandara Belt (Sausar Group, India)",21.69738,79.17216,Gondite,584.3,6.8,0.56,0.1438,0.1516,0.1635,0.2527,0.2746,0.1963,1.137,0.7768,1.3989,0.2536,0.2143,-0.0415,49.31,778.7
MN-SURV-0269,"Minas Gerais Belt (Quadrilatero Ferrifero, Brazil)",-20.262,-44.0014,Phyllite-Chert,405.3,15.3,0.94,0.1111,0.1461,0.2117,0.2404,0.3955,0.1458,1.9055,0.6065,2.7126,0.3027,0.0635,-0.2439,49.77,734.4
MN-SURV-0270,"Nagpur-Bhandara Belt (Sausar Group, India)",21.48187,79.23904,Gondite,469.3,8.2,0.67,0.1304,0.1274,0.1772,0.2346,0.3265,0.2095,1.3589,0.893,1.5585,0.2964,0.1394,-0.1638,51.42,804.7
MN-SURV-0271,"Sandur Manganese Belt (Karnataka, India)",14.99713,76.73266,Banded Iron Formation (BIF),402.4,18.7,0.36,0.1336,0.152,0.1739,0.2189,0.3514,0.1402,1.3016,0.6405,2.5064,0.3379,0.1146,-0.2323,52.01,656.9
MN-SURV-0272,"Nagpur-Bhandara Belt (Sausar Group, India)",21.3282,79.80742,Quartzite-Schist,235.3,7.6,11.36,0.2155,0.2427,0.3602,0.3901,0.4289,0.3335,1.6715,0.8549,1.2861,0.0871,0.0399,-0.0474,4.4,0.0
MN-SURV-0273,"Minas Gerais Belt (Quadrilatero Ferrifero, Brazil)",-20.35995,-43.67129,Banded Iron Formation (BIF),395.1,12.1,0.56,0.1129,0.1256,0.1619,0.1847,0.2886,0.1808,1.434,0.9789,1.5962,0.2812,0.0658,-0.2195,47.27,773.8
MN-SURV-0274,"Minas Gerais Belt (Quadrilatero Ferrifero, Brazil)",-20.2122,-43.77581,Gondite,499.4,6.1,3.08,0.1431,0.1126,0.1357,0.2104,0.3577,0.2233,0.9483,1.0613,1.6019,0.4499,0.2158,-0.2593,45.61,120.0
MN-SURV-0275,"Minas Gerais Belt (Quadrilatero Ferrifero, Brazil)",-19.98916,-44.08902,Banded Iron Formation (BIF),549.2,24.2,0.46,0.1322,0.1505,0.1257,0.2593,0.2382,0.1669,0.9508,0.6437,1.4272,0.3092,0.347,0.0424,44.92,208.6
MN-SURV-0276,"Groote Eylandt (Northern Territory, Australia)",-13.74643,136.84153,Gondite,519.0,22.2,0.72,0.131,0.1261,0.2382,0.2103,0.3617,0.1503,1.8183,0.7147,2.4065,0.2059,-0.0622,-0.2647,53.5,809.6
MN-SURV-0277,"Nagpur-Bhandara Belt (Sausar Group, India)",21.55403,79.46782,Laterite Cap,452.3,7.8,1.61,0.1083,0.1537,0.2085,0.2376,0.3842,0.1978,1.9252,0.8325,1.9424,0.2964,0.0652,-0.2358,42.88,484.7
MN-SURV-0278,"Sandur Manganese Belt (Karnataka, India)",14.82686,76.70672,Laterite Cap,426.0,8.0,7.18,0.1444,0.2435,0.2777,0.2638,0.343,0.3413,1.9231,1.2938,1.005,0.1052,-0.0257,-0.1305,4.45,20.7
MN-SURV-0279,"Minas Gerais Belt (Quadrilatero Ferrifero, Brazil)",-20.32446,-43.8186,Basalt,388.3,9.9,10.76,0.1829,0.2157,0.2468,0.368,0.3196,0.3274,1.3494,0.8897,0.9762,0.1285,0.1971,0.0704,7.11,7.4
MN-SURV-0280,"Minas Gerais Belt (Quadrilatero Ferrifero, Brazil)",-20.07639,-43.56443,Laterite Cap,279.4,12.5,9.52,0.1617,0.1874,0.2242,0.3026,0.4103,0.3435,1.3865,1.1352,1.1945,0.2933,0.1488,-0.1511,4.03,10.6
MN-SURV-0281,"Kendujhar-Joda Belt (Odisha, India)",21.99759,85.11012,Phyllite-Chert,353.1,8.1,1.59,0.1137,0.1622,0.155,0.2633,0.3039,0.1179,1.3632,0.4478,2.5776,0.3245,0.2589,-0.0716,41.8,485.6
MN-SURV-0282,"Groote Eylandt (Northern Territory, Australia)",-14.25052,136.55537,Quartzite-Schist,331.2,13.9,5.13,0.1978,0.1607,0.29,0.2467,0.3814,0.2361,1.4661,0.957,1.6154,0.1361,-0.0807,-0.2145,3.85,9.8
MN-SURV-0283,"Kalahari Manganese Field (Hotazel, South Africa)",-27.50583,22.82723,Basalt,424.6,6.3,4.21,0.1697,0.167,0.3199,0.3435,0.366,0.4211,1.8851,1.2259,0.8692,0.0672,0.0356,-0.0317,2.84,11.8
MN-SURV-0284,"Kalahari Manganese Field (Hotazel, South Africa)",-27.26839,22.89747,Phyllite-Chert,376.8,13.1,1.05,0.1176,0.1344,0.1547,0.28,0.3229,0.2352,1.3155,0.84,1.3729,0.3522,0.2882,-0.0712,37.9,369.1
MN-SURV-0285,"Minas Gerais Belt (Quadrilatero Ferrifero, Brazil)",-20.53035,-43.61338,Laterite Cap,287.2,5.5,10.72,0.228,0.2441,0.2945,0.2792,0.3224,0.198,1.2917,0.7092,1.6283,0.0452,-0.0267,-0.0718,5.52,19.0
MN-SURV-0286,"Minas Gerais Belt (Quadrilatero Ferrifero, Brazil)",-20.48478,-44.10528,Gondite,488.2,21.0,0.97,0.1094,0.1466,0.1675,0.2496,0.326,0.2296,1.5311,0.9199,1.4199,0.3212,0.1968,-0.1327,50.45,1000.7
MN-SURV-0287,"Sandur Manganese Belt (Karnataka, India)",15.26644,76.47449,Quartzite-Schist,253.0,3.6,11.04,0.1515,0.2296,0.2203,0.3184,0.3895,0.3549,1.4541,1.1146,1.0975,0.2775,0.1821,-0.1004,5.7,10.7
MN-SURV-0288,"Kendujhar-Joda Belt (Odisha, India)",22.14706,85.73095,Quartzite-Schist,279.1,1.5,4.9,0.2286,0.2551,0.2523,0.3699,0.4019,0.2644,1.1037,0.7148,1.52,0.2287,0.189,-0.0415,0.5,13.1
MN-SURV-0289,"Groote Eylandt (Northern Territory, Australia)",-14.03842,136.8307,Laterite Cap,561.4,26.4,1.77,0.1133,0.1504,0.1968,0.233,0.2735,0.1473,1.737,0.6322,1.8568,0.1631,0.0842,-0.08,46.88,481.3
MN-SURV-0290,"Sandur Manganese Belt (Karnataka, India)",14.94721,76.46939,Gondite,511.5,22.0,3.81,0.0982,0.1149,0.1287,0.2661,0.2572,0.2244,1.3106,0.8433,1.1462,0.333,0.348,0.017,47.15,266.9
MN-SURV-0291,"Kalahari Manganese Field (Hotazel, South Africa)",-27.02067,22.87563,Banded Iron Formation (BIF),556.6,8.5,1.73,0.1051,0.0927,0.1664,0.1984,0.2857,0.1852,1.5833,0.9335,1.5427,0.2639,0.0877,-0.1803,46.11,964.2
MN-SURV-0292,"Sandur Manganese Belt (Karnataka, India)",14.78424,76.38762,Gondite,323.0,24.7,3.36,0.13,0.1473,0.1692,0.3065,0.3121,0.1953,1.3015,0.6372,1.5981,0.2969,0.2886,-0.0091,42.19,120.0
MN-SURV-0293,"Nagpur-Bhandara Belt (Sausar Group, India)",21.58846,79.73506,Banded Iron Formation (BIF),497.8,6.3,0.69,0.0947,0.1391,0.114,0.2928,0.3,0.2012,1.2038,0.6872,1.4911,0.4493,0.4395,-0.0121,48.06,596.4
MN-SURV-0294,"Nagpur-Bhandara Belt (Sausar Group, India)",21.35858,79.7305,Gondite,402.7,26.6,0.27,0.1196,0.1647,0.1586,0.1783,0.3036,0.1731,1.3261,0.9708,1.7539,0.3137,0.0585,-0.26,51.31,891.0
MN-SURV-0295,"Minas Gerais Belt (Quadrilatero Ferrifero, Brazil)",-20.28483,-43.97168,Phyllite-Chert,402.5,19.0,0.98,0.1356,0.1563,0.2003,0.2347,0.2378,0.1771,1.4771,0.7546,1.3427,0.0856,0.0791,-0.0066,36.73,749.9
MN-SURV-0296,"Groote Eylandt (Northern Territory, Australia)",-13.97611,136.52245,Dolomitic Marble,326.6,14.4,5.69,0.1898,0.2403,0.2673,0.3505,0.4081,0.2529,1.4083,0.7215,1.6137,0.2085,0.1347,-0.0759,4.24,3.3
MN-SURV-0297,"Sandur Manganese Belt (Karnataka, India)",15.3965,76.76655,Quartzite-Schist,228.5,5.9,10.3,0.1486,0.1555,0.227,0.4167,0.4712,0.3281,1.5276,0.7874,1.4361,0.3498,0.2947,-0.0614,2.63,16.2
MN-SURV-0298,"Kendujhar-Joda Belt (Odisha, India)",22.32386,85.13393,Laterite Cap,547.6,8.9,1.03,0.1346,0.1864,0.1655,0.253,0.2378,0.1063,1.2296,0.4202,2.2371,0.1793,0.2091,0.031,52.27,545.1
MN-SURV-0299,"Nagpur-Bhandara Belt (Sausar Group, India)",21.22016,79.20263,Gondite,414.6,8.3,1.42,0.1135,0.0875,0.162,0.2839,0.274,0.2107,1.4273,0.7422,1.3004,0.2569,0.2734,0.0177,50.74,320.0
MN-SURV-0300,"Sandur Manganese Belt (Karnataka, India)",15.04186,76.86688,Phyllite-Chert,461.0,15.5,0.28,0.1006,0.1664,0.186,0.3053,0.3349,0.1635,1.8489,0.5355,2.0483,0.2859,0.2428,-0.0462,48.07,675.2
MN-SURV-0301,"Sandur Manganese Belt (Karnataka, India)",14.8171,76.60972,Banded Iron Formation (BIF),513.0,6.1,1.51,0.1003,0.1631,0.1637,0.2095,0.2978,0.1749,1.6321,0.8348,1.7027,0.2906,0.1227,-0.1741,46.16,372.8
MN-SURV-0302,"Kalahari Manganese Field (Hotazel, South Africa)",-27.33337,23.28243,Banded Iron Formation (BIF),494.9,18.7,1.13,0.1133,0.169,0.2092,0.2088,0.3181,0.174,1.8464,0.8333,1.8282,0.2065,-0.001,-0.2074,48.44,719.3
MN-SURV-0303,"Groote Eylandt (Northern Territory, Australia)",-13.82897,136.82036,Gondite,400.6,22.5,3.43,0.0949,0.1488,0.1791,0.2093,0.2814,0.1615,1.8872,0.7716,1.7424,0.2221,0.0778,-0.1469,53.5,120.0
MN-SURV-0304,"Sandur Manganese Belt (Karnataka, India)",15.41352,76.85827,Basalt,369.5,6.0,3.15,0.1809,0.1859,0.2243,0.4266,0.3816,0.3451,1.2399,0.809,1.1058,0.2596,0.3108,0.0557,1.77,21.0
MN-SURV-0305,"Kendujhar-Joda Belt (Odisha, India)",22.10494,85.76506,Basalt,523.3,1.0,4.17,0.175,0.2525,0.3056,0.4749,0.2665,0.2938,1.7463,0.6187,0.9071,-0.0683,0.2169,0.2811,0.56,13.0
MN-SURV-0306,"Sandur Manganese Belt (Karnataka, India)",15.3523,76.58851,Quartzite-Schist,364.3,4.6,2.99,0.1287,0.2186,0.1967,0.303,0.352,0.2382,1.5284,0.7861,1.4777,0.283,0.2127,-0.0748,1.82,11.1
MN-SURV-0307,"Nagpur-Bhandara Belt (Sausar Group, India)",21.34855,79.24449,Banded Iron Formation (BIF),544.6,10.8,0.53,0.1151,0.1599,0.1641,0.2372,0.3738,0.1899,1.4257,0.8006,1.9684,0.3898,0.1822,-0.2236,48.72,675.3
MN-SURV-0308,"Kalahari Manganese Field (Hotazel, South Africa)",-27.36442,22.90241,Basalt,338.7,7.1,3.48,0.2135,0.2094,0.3653,0.4532,0.395,0.3608,1.711,0.7961,1.0948,0.0391,0.1074,0.0686,4.48,7.3
MN-SURV-0309,"Minas Gerais Belt (Quadrilatero Ferrifero, Brazil)",-20.5473,-44.07132,Gondite,505.9,11.3,0.27,0.0963,0.1042,0.1844,0.2634,0.3306,0.2187,1.9148,0.8303,1.5117,0.2839,0.1764,-0.1131,53.5,399.7
MN-SURV-0310,"Groote Eylandt (Northern Territory, Australia)",-13.9852,136.80237,Banded Iron Formation (BIF),566.1,10.9,5.0,0.1344,0.0965,0.1484,0.2701,0.3244,0.2937,1.1042,1.0874,1.1045,0.3723,0.2908,-0.0913,35.86,151.2
MN-SURV-0311,"Groote Eylandt (Northern Territory, Australia)",-14.28204,136.50361,Dolomitic Marble,292.8,14.6,6.86,0.1769,0.201,0.2911,0.3472,0.3105,0.392,1.6456,1.129,0.7921,0.0322,0.0879,0.0558,3.88,9.2
MN-SURV-0312,"Sandur Manganese Belt (Karnataka, India)",15.30182,76.71468,Basalt,358.4,11.3,3.04,0.1134,0.2586,0.2116,0.3715,0.3442,0.395,1.866,1.0633,0.8714,0.2386,0.2742,0.0381,8.8,12.3
MN-SURV-0313,"Sandur Manganese Belt (Karnataka, India)",15.31719,76.80398,Banded Iron Formation (BIF),518.5,9.3,0.36,0.121,0.157,0.1219,0.2095,0.2749,0.1935,1.0074,0.9236,1.4207,0.3856,0.2643,-0.135,47.45,539.2
MN-SURV-0314,"Sandur Manganese Belt (Karnataka, India)",15.39346,76.46761,Banded Iron Formation (BIF),543.3,20.8,0.24,0.1003,0.0955,0.1902,0.1747,0.2939,0.2076,1.8963,1.1883,1.4157,0.2142,-0.0425,-0.2544,49.56,1376.2
MN-SURV-0315,"Nagpur-Bhandara Belt (Sausar Group, India)",21.11828,79.2209,Dolomitic Marble,417.4,5.0,11.65,0.1456,0.234,0.3347,0.4122,0.4154,0.389,2.2988,0.9437,1.0679,0.1076,0.1038,-0.0039,4.61,0.8
MN-SURV-0316,"Nagpur-Bhandara Belt (Sausar Group, India)",21.05311,79.79776,Phyllite-Chert,418.8,10.8,1.89,0.1311,0.1538,0.1415,0.2391,0.2847,0.2133,1.0793,0.8921,1.3347,0.336,0.2564,-0.0871,32.87,299.7
MN-SURV-0317,"Kalahari Manganese Field (Hotazel, South Africa)",-27.13442,23.12838,Banded Iron Formation (BIF),535.2,8.9,0.72,0.0908,0.1062,0.1325,0.2565,0.3014,0.2033,1.4593,0.7926,1.4825,0.3893,0.3188,-0.0805,46.82,532.5
MN-SURV-0318,"Groote Eylandt (Northern Territory, Australia)",-14.17684,136.61462,Gondite,405.9,15.4,2.15,0.1198,0.1609,0.1248,0.3359,0.417,0.1837,1.0417,0.5469,2.27,0.5393,0.4582,-0.1077,53.5,499.3
MN-SURV-0319,"Groote Eylandt (Northern Territory, Australia)",-14.19321,136.89661,Basalt,469.6,14.9,8.73,0.2392,0.2325,0.3014,0.4234,0.4286,0.3345,1.26,0.79,1.2813,0.1742,0.1683,-0.0061,4.26,16.0
MN-SURV-0320,"Sandur Manganese Belt (Karnataka, India)",15.05691,76.66996,Gondite,245.1,10.0,2.72,0.0924,0.1174,0.158,0.2514,0.3228,0.1686,1.71,0.6706,1.9146,0.3428,0.2281,-0.1243,53.5,182.9
MN-SURV-0321,"Kalahari Manganese Field (Hotazel, South Africa)",-26.89468,23.25853,Phyllite-Chert,549.8,5.6,1.7,0.108,0.1386,0.1923,0.2308,0.3657,0.2194,1.7806,0.9506,1.6668,0.3108,0.091,-0.2262,37.41,573.4
MN-SURV-0322,"Nagpur-Bhandara Belt (Sausar Group, India)",21.09689,79.7587,Laterite Cap,348.0,11.8,10.75,0.1372,0.2446,0.2663,0.4365,0.3383,0.3295,1.941,0.7549,1.0267,0.1191,0.2422,0.1267,2.89,10.6
MN-SURV-0323,"Nagpur-Bhandara Belt (Sausar Group, India)",21.2396,79.20011,Phyllite-Chert,452.9,6.3,0.67,0.1049,0.1234,0.1808,0.2442,0.2625,0.1796,1.7235,0.7355,1.4616,0.1843,0.1492,-0.0361,39.07,471.6
MN-SURV-0324,"Kalahari Manganese Field (Hotazel, South Africa)",-27.3794,22.81413,Gondite,509.0,12.9,1.23,0.0903,0.14,0.2295,0.249,0.2693,0.2238,2.5415,0.8988,1.2033,0.0798,0.0408,-0.0392,53.5,446.4
MN-SURV-0325,"Groote Eylandt (Northern Territory, Australia)",-14.02234,136.67301,Quartzite-Schist,489.8,3.0,3.87,0.1696,0.2347,0.2875,0.3081,0.3834,0.239,1.6952,0.7757,1.6042,0.1429,0.0346,-0.1089,2.88,2.6
MN-SURV-0326,"Kalahari Manganese Field (Hotazel, South Africa)",-27.54478,22.89588,Quartzite-Schist,241.6,12.6,9.46,0.2482,0.2402,0.2371,0.2822,0.4007,0.372,0.9553,1.3182,1.0772,0.2565,0.0868,-0.1735,1.02,7.7
MN-SURV-0327,"Minas Gerais Belt (Quadrilatero Ferrifero, Brazil)",-20.57958,-43.77113,Phyllite-Chert,543.5,6.9,0.17,0.1152,0.1532,0.093,0.2547,0.294,0.1653,0.8073,0.649,1.7786,0.5194,0.4651,-0.0716,41.81,446.3
MN-SURV-0328,"Sandur Manganese Belt (Karnataka, India)",14.96478,76.85658,Banded Iron Formation (BIF),457.3,10.1,1.04,0.0941,0.1321,0.1518,0.2498,0.2779,0.2419,1.6132,0.9684,1.1488,0.2935,0.244,-0.0532,41.87,175.5
MN-SURV-0329,"Minas Gerais Belt (Quadrilatero Ferrifero, Brazil)",-19.94649,-43.49718,Gondite,465.7,27.4,0.13,0.1023,0.1641,0.2224,0.2745,0.2392,0.1675,2.174,0.6102,1.4281,0.0364,0.1049,0.0687,51.98,1098.0
MN-SURV-0330,"Minas Gerais Belt (Quadrilatero Ferrifero, Brazil)",-20.4262,-43.45839,Phyllite-Chert,380.2,5.2,1.49,0.0911,0.1231,0.1577,0.2139,0.2458,0.1455,1.7311,0.6802,1.6893,0.2183,0.1512,-0.0694,42.52,434.2
MN-SURV-0331,"Kalahari Manganese Field (Hotazel, South Africa)",-26.86382,23.05508,Basalt,468.9,5.8,3.66,0.2037,0.2279,0.2215,0.3663,0.3832,0.2831,1.0874,0.7729,1.3536,0.2674,0.2463,-0.0225,5.78,16.8
MN-SURV-0332,"Kalahari Manganese Field (Hotazel, South Africa)",-27.40936,23.16358,Basalt,406.6,1.2,11.55,0.1636,0.2917,0.3074,0.3861,0.3856,0.3904,1.879,1.0111,0.9877,0.1128,0.1135,0.0006,0.5,28.9
MN-SURV-0333,"Minas Gerais Belt (Quadrilatero Ferrifero, Brazil)",-20.54945,-43.6709,Phyllite-Chert,481.8,6.7,0.9,0.1181,0.116,0.184,0.2353,0.2666,0.2025,1.558,0.8606,1.3165,0.1833,0.1223,-0.0624,38.04,140.0
MN-SURV-0334,"Sandur Manganese Belt (Karnataka, India)",15.30248,76.87526,Banded Iron Formation (BIF),459.5,24.7,1.78,0.124,0.1435,0.1474,0.2053,0.3139,0.2286,1.1887,1.1135,1.3731,0.3609,0.1642,-0.2092,43.11,220.0
MN-SURV-0335,"Nagpur-Bhandara Belt (Sausar Group, India)",21.10132,79.14114,Laterite Cap,375.4,6.0,2.9,0.0982,0.1472,0.1523,0.1936,0.3384,0.2116,1.5509,1.093,1.5992,0.3793,0.1194,-0.2722,35.26,120.0
MN-SURV-0336,"Kalahari Manganese Field (Hotazel, South Africa)",-27.05976,23.13121,Banded Iron Formation (BIF),453.8,16.3,2.12,0.0743,0.1406,0.2021,0.242,0.3354,0.2277,2.7201,0.9409,1.473,0.248,0.0898,-0.1618,47.73,120.0
MN-SURV-0337,"Sandur Manganese Belt (Karnataka, India)",14.7688,76.57793,Laterite Cap,433.0,15.3,1.65,0.1227,0.1998,0.1915,0.2418,0.2965,0.1982,1.5607,0.8197,1.496,0.2152,0.1161,-0.1016,42.4,440.1
MN-SURV-0338,"Kendujhar-Joda Belt (Odisha, India)",22.04088,85.4562,Banded Iron Formation (BIF),532.2,21.3,4.14,0.0897,0.1051,0.1588,0.2295,0.2462,0.1641,1.7703,0.715,1.5003,0.2158,0.1821,-0.0351,41.99,120.0
MN-SURV-0339,"Sandur Manganese Belt (Karnataka, India)",14.93026,76.69594,Laterite Cap,305.8,4.7,8.04,0.2197,0.2153,0.2213,0.378,0.366,0.4032,1.0073,1.0667,0.9077,0.2464,0.2615,0.0161,2.26,0.0
MN-SURV-0340,"Kalahari Manganese Field (Hotazel, South Africa)",-27.41281,23.26064,Basalt,373.1,2.6,11.27,0.1834,0.1688,0.2733,0.4003,0.4441,0.3211,1.4902,0.8021,1.3831,0.2381,0.1885,-0.0519,4.86,17.0
MN-SURV-0341,"Groote Eylandt (Northern Territory, Australia)",-13.80072,136.33061,Banded Iron Formation (BIF),315.6,27.6,0.37,0.106,0.1462,0.2093,0.1795,0.3659,0.2239,1.9745,1.2474,1.6342,0.2723,-0.0766,-0.3418,53.5,641.0
MN-SURV-0342,"Kalahari Manganese Field (Hotazel, South Africa)",-27.43232,22.95858,Banded Iron Formation (BIF),468.7,8.6,3.61,0.1168,0.1695,0.2503,0.2748,0.348,0.1946,2.143,0.7082,1.7883,0.1633,0.0467,-0.1175,44.76,120.0
MN-SURV-0343,"Minas Gerais Belt (Quadrilatero Ferrifero, Brazil)",-19.97788,-44.10683,Gondite,494.8,12.6,1.1,0.0833,0.1653,0.1271,0.2272,0.268,0.1759,1.5258,0.7742,1.5236,0.3566,0.2825,-0.0824,53.5,583.0
MN-SURV-0344,"Sandur Manganese Belt (Karnataka, India)",15.40908,76.20539,Dolomitic Marble,317.3,3.9,5.32,0.2339,0.2498,0.315,0.3074,0.4038,0.3716,1.3467,1.2088,1.0867,0.1235,-0.0122,-0.1355,4.16,8.6
MN-SURV-0345,"Minas Gerais Belt (Quadrilatero Ferrifero, Brazil)",-19.95597,-43.69482,Laterite Cap,576.7,23.5,0.46,0.0897,0.0978,0.1798,0.2137,0.2998,0.1562,2.0045,0.7309,1.9193,0.2502,0.0861,-0.1677,47.59,531.4
MN-SURV-0346,"Kalahari Manganese Field (Hotazel, South Africa)",-27.44401,23.15892,Basalt,374.2,8.8,5.98,0.1495,0.228,0.2271,0.3241,0.4463,0.3814,1.5191,1.1768,1.1702,0.3255,0.176,-0.1586,3.04,3.0
MN-SURV-0347,"Groote Eylandt (Northern Territory, Australia)",-14.19859,136.49791,Gondite,489.7,25.5,1.42,0.0967,0.123,0.1801,0.3107,0.2622,0.1793,1.8625,0.5771,1.4624,0.1856,0.2661,0.0847,50.76,231.9
MN-SURV-0348,"Kalahari Manganese Field (Hotazel, South Africa)",-27.26977,22.98491,Banded Iron Formation (BIF),480.1,7.2,2.27,0.0859,0.1308,0.1717,0.2326,0.3175,0.2036,1.9988,0.8753,1.5594,0.298,0.1506,-0.1543,49.52,121.5
MN-SURV-0349,"Sandur Manganese Belt (Karnataka, India)",15.19961,76.6551,Phyllite-Chert,421.6,13.8,4.01,0.1216,0.1726,0.2121,0.2531,0.3654,0.1966,1.7442,0.7768,1.8586,0.2655,0.0881,-0.1816,37.05,120.0
MN-SURV-0350,"Nagpur-Bhandara Belt (Sausar Group, India)",21.33248,79.80661,Gondite,569.5,23.0,0.69,0.1065,0.1369,0.1893,0.2138,0.3006,0.1571,1.7775,0.7348,1.9134,0.2272,0.0608,-0.1687,53.5,120.0
MN-SURV-0351,"Nagpur-Bhandara Belt (Sausar Group, India)",21.14453,79.52592,Gondite,393.0,17.9,0.64,0.1317,0.1479,0.1788,0.2801,0.2734,0.2299,1.3576,0.8208,1.1892,0.2092,0.2207,0.0121,47.1,408.4
MN-SURV-0352,"Sandur Manganese Belt (Karnataka, India)",15.16267,76.54666,Gondite,484.4,22.1,0.2,0.105,0.1181,0.1079,0.2525,0.3813,0.1329,1.0276,0.5263,2.8691,0.5589,0.4012,-0.2032,53.5,791.9
MN-SURV-0353,"Groote Eylandt (Northern Territory, Australia)",-13.67978,136.71537,Banded Iron Formation (BIF),457.0,15.3,1.31,0.1198,0.1515,0.1728,0.2812,0.2672,0.222,1.4424,0.7895,1.2036,0.2145,0.2388,0.0255,45.67,196.3
MN-SURV-0354,"Nagpur-Bhandara Belt (Sausar Group, India)",21.35601,79.29817,Banded Iron Formation (BIF),580.3,26.5,1.15,0.0968,0.1142,0.1668,0.2915,0.3106,0.1467,1.7231,0.5033,2.1172,0.3012,0.2721,-0.0317,52.34,945.0
MN-SURV-0355,"Groote Eylandt (Northern Territory, Australia)",-13.82688,136.70192,Dolomitic Marble,536.3,12.9,7.33,0.172,0.2562,0.3123,0.3928,0.3317,0.358,1.8157,0.9114,0.9265,0.0301,0.1142,0.0843,0.53,18.5
MN-SURV-0356,"Minas Gerais Belt (Quadrilatero Ferrifero, Brazil)",-20.12105,-43.53229,Phyllite-Chert,448.8,14.1,0.17,0.1078,0.1319,0.2022,0.2452,0.2306,0.2229,1.8757,0.9091,1.0345,0.0656,0.0961,0.0307,35.27,216.2
MN-SURV-0357,"Groote Eylandt (Northern Territory, Australia)",-13.76755,136.76468,Basalt,356.6,3.5,10.93,0.1682,0.1939,0.2244,0.3597,0.344,0.4134,1.3341,1.1493,0.8321,0.2104,0.2316,0.0223,6.5,4.8
MN-SURV-0358,"Nagpur-Bhandara Belt (Sausar Group, India)",21.39063,79.67226,Banded Iron Formation (BIF),520.4,6.5,0.25,0.127,0.1421,0.1479,0.2783,0.403,0.1894,1.1646,0.6806,2.1278,0.4631,0.306,-0.183,53.39,1142.4
MN-SURV-0359,"Kalahari Manganese Field (Hotazel, South Africa)",-27.24876,22.82421,Basalt,432.6,1.8,8.35,0.165,0.2169,0.2089,0.3085,0.3957,0.3465,1.2661,1.1232,1.142,0.309,0.1925,-0.1238,2.72,5.9
MN-SURV-0360,"Kendujhar-Joda Belt (Odisha, India)",22.32262,85.57841,Banded Iron Formation (BIF),500.9,21.7,2.01,0.1114,0.1913,0.1993,0.2663,0.3646,0.2471,1.789,0.9279,1.4755,0.2931,0.1439,-0.1558,41.99,583.1
MN-SURV-0361,"Kendujhar-Joda Belt (Odisha, India)",22.33931,85.14867,Banded Iron Formation (BIF),556.7,14.5,2.27,0.0998,0.1207,0.1851,0.2256,0.2865,0.1416,1.8547,0.6277,2.0233,0.215,0.0986,-0.1189,49.52,317.5
MN-SURV-0362,"Minas Gerais Belt (Quadrilatero Ferrifero, Brazil)",-20.45918,-44.09396,Gondite,514.1,23.4,0.21,0.0867,0.1547,0.2,0.2265,0.3155,0.2082,2.3068,0.9192,1.5154,0.2241,0.0621,-0.1642,53.5,1093.9
MN-SURV-0363,"Minas Gerais Belt (Quadrilatero Ferrifero, Brazil)",-20.07693,-44.00341,Phyllite-Chert,462.3,24.7,1.28,0.1214,0.1391,0.199,0.2509,0.347,0.2216,1.6392,0.8832,1.5659,0.2711,0.1154,-0.1607,37.26,202.9
MN-SURV-0364,"Sandur Manganese Belt (Karnataka, India)",14.73637,76.24279,Banded Iron Formation (BIF),479.1,17.9,2.73,0.1042,0.1969,0.1544,0.2607,0.2888,0.1596,1.4818,0.6122,1.8095,0.3032,0.2561,-0.0511,42.57,201.2
MN-SURV-0365,"Groote Eylandt (Northern Territory, Australia)",-13.78481,136.4721,Gondite,519.3,7.7,0.46,0.1226,0.1311,0.2307,0.2987,0.3769,0.1579,1.8817,0.5286,2.387,0.2406,0.1284,-0.1157,53.5,367.4
MN-SURV-0366,"Kalahari Manganese Field (Hotazel, South Africa)",-27.15652,22.60411,Laterite Cap,494.3,26.7,0.2,0.1352,0.1515,0.1868,0.2085,0.2542,0.2247,1.3817,1.0777,1.1313,0.1528,0.0549,-0.0988,37.77,655.9
MN-SURV-0367,"Kalahari Manganese Field (Hotazel, South Africa)",-27.24365,22.83778,Basalt,387.2,7.2,4.87,0.1477,0.2056,0.2964,0.4263,0.2588,0.3211,2.0068,0.7532,0.806,-0.0677,0.1797,0.2445,4.16,17.3
MN-SURV-0368,"Kendujhar-Joda Belt (Odisha, India)",22.02409,85.4023,Phyllite-Chert,446.5,17.2,2.86,0.1115,0.1242,0.1976,0.2479,0.2791,0.1957,1.7722,0.7894,1.4262,0.171,0.1129,-0.0592,37.88,484.5
MN-SURV-0369,"Kalahari Manganese Field (Hotazel, South Africa)",-27.40939,22.81399,Banded Iron Formation (BIF),540.5,26.8,1.91,0.1027,0.1354,0.2176,0.2082,0.3618,0.1812,2.1188,0.8703,1.9967,0.2489,-0.0221,-0.2695,52.01,355.0
MN-SURV-0370,"Minas Gerais Belt (Quadrilatero Ferrifero, Brazil)",-20.54022,-43.83514,Dolomitic Marble,419.5,13.0,7.2,0.1573,0.211,0.2804,0.3939,0.3702,0.3555,1.7826,0.9025,1.0414,0.138,0.1683,0.031,2.06,7.7
MN-SURV-0371,"Groote Eylandt (Northern Territory, Australia)",-14.01742,136.42583,Gondite,575.3,8.5,0.52,0.0775,0.1906,0.2176,0.2088,0.3209,0.2046,2.8077,0.9799,1.5684,0.1918,-0.0206,-0.2116,53.5,636.9
MN-SURV-0372,"Sandur Manganese Belt (Karnataka, India)",15.34132,76.21915,Quartzite-Schist,326.2,8.4,8.27,0.1539,0.2521,0.2626,0.3676,0.4062,0.3407,1.7063,0.9268,1.1923,0.2147,0.1666,-0.0499,0.91,5.7
MN-SURV-0373,"Minas Gerais Belt (Quadrilatero Ferrifero, Brazil)",-20.21956,-44.09908,Basalt,413.8,11.4,8.93,0.1883,0.2607,0.2929,0.4112,0.436,0.3138,1.5555,0.7631,1.3894,0.1963,0.168,-0.0293,0.7,0.0
MN-SURV-0374,"Kalahari Manganese Field (Hotazel, South Africa)",-26.95412,23.15894,Gondite,415.9,10.6,0.41,0.0916,0.1394,0.1161,0.182,0.2974,0.2066,1.2675,1.1352,1.4395,0.4385,0.2211,-0.2407,53.5,512.2
MN-SURV-0375,"Kendujhar-Joda Belt (Odisha, India)",21.71287,85.64931,Banded Iron Formation (BIF),497.9,26.7,0.21,0.0969,0.1335,0.1347,0.2312,0.3023,0.2089,1.3901,0.9035,1.4471,0.3835,0.2637,-0.1333,43.35,807.2
MN-SURV-0376,"Nagpur-Bhandara Belt (Sausar Group, India)",21.62743,79.64616,Quartzite-Schist,354.8,9.4,9.6,0.151,0.2214,0.2194,0.2894,0.3962,0.3038,1.453,1.0498,1.3041,0.2872,0.1376,-0.1558,2.63,13.2
MN-SURV-0377,"Kalahari Manganese Field (Hotazel, South Africa)",-26.99501,23.23403,Basalt,450.0,7.3,10.87,0.1577,0.2101,0.2735,0.3957,0.3674,0.2798,1.7343,0.7071,1.3131,0.1465,0.1826,0.0371,2.18,9.8
MN-SURV-0378,"Nagpur-Bhandara Belt (Sausar Group, India)",21.44922,79.32209,Phyllite-Chert,549.4,10.9,3.5,0.066,0.1449,0.2128,0.1706,0.2727,0.1513,3.2242,0.8869,1.8024,0.1234,-0.1101,-0.2303,50.27,470.6
MN-SURV-0379,"Kendujhar-Joda Belt (Odisha, India)",22.03479,85.62188,Laterite Cap,425.7,9.4,10.33,0.1417,0.2278,0.3021,0.3785,0.346,0.3407,2.132,0.9001,1.0156,0.0677,0.1123,0.0449,3.91,16.3
MN-SURV-0380,"Kalahari Manganese Field (Hotazel, South Africa)",-26.86733,23.27604,Phyllite-Chert,409.3,26.1,0.36,0.1211,0.1565,0.1478,0.2675,0.304,0.1909,1.2205,0.7136,1.5925,0.3457,0.2882,-0.0639,41.89,220.6
MN-SURV-0381,"Minas Gerais Belt (Quadrilatero Ferrifero, Brazil)",-20.39781,-43.74008,Phyllite-Chert,462.8,13.9,1.74,0.0686,0.1444,0.1651,0.2752,0.2085,0.1968,2.4067,0.7151,1.0595,0.1162,0.2501,0.1379,39.38,425.4
MN-SURV-0382,"Sandur Manganese Belt (Karnataka, India)",14.9589,76.62957,Laterite Cap,487.3,16.6,1.31,0.1423,0.0927,0.1893,0.1925,0.2941,0.2087,1.3303,1.0842,1.4092,0.2168,0.0084,-0.2088,40.18,188.9
MN-SURV-0383,"Sandur Manganese Belt (Karnataka, India)",14.96002,76.38944,Gondite,520.2,16.1,0.9,0.1332,0.1429,0.2436,0.2309,0.1847,0.241,1.8288,1.0437,0.7664,-0.1375,-0.0268,0.1112,45.72,517.1
MN-SURV-0384,"Nagpur-Bhandara Belt (Sausar Group, India)",21.1908,79.2697,Banded Iron Formation (BIF),403.7,9.0,0.47,0.1382,0.1505,0.1908,0.1358,0.289,0.1656,1.3806,1.2194,1.7452,0.2047,-0.1684,-0.3606,50.39,654.4
MN-SURV-0385,"Sandur Manganese Belt (Karnataka, India)",15.01836,76.84409,Gondite,429.7,14.8,1.1,0.1012,0.1428,0.2311,0.1957,0.349,0.239,2.2836,1.2213,1.4603,0.2032,-0.0829,-0.2814,53.5,154.8
MN-SURV-0386,"Minas Gerais Belt (Quadrilatero Ferrifero, Brazil)",-20.33209,-43.61997,Banded Iron Formation (BIF),463.9,7.1,1.03,0.1046,0.1562,0.1693,0.2581,0.2796,0.2012,1.6185,0.7795,1.3897,0.2457,0.2078,-0.04,48.05,455.9
MN-SURV-0387,"Sandur Manganese Belt (Karnataka, India)",15.10854,76.66411,Laterite Cap,233.0,9.4,7.55,0.1959,0.2165,0.205,0.3984,0.4504,0.2796,1.0465,0.7018,1.6109,0.3744,0.3205,-0.0613,3.55,11.0
MN-SURV-0388,"Sandur Manganese Belt (Karnataka, India)",14.93476,76.30723,Gondite,318.7,25.2,0.27,0.097,0.1426,0.2418,0.2047,0.3629,0.1789,2.4928,0.874,2.0285,0.2003,-0.0831,-0.2787,53.5,784.3
MN-SURV-0389,"Minas Gerais Belt (Quadrilatero Ferrifero, Brazil)",-20.4315,-43.98204,Laterite Cap,380.8,17.3,1.14,0.1228,0.1465,0.2159,0.1792,0.3302,0.2119,1.7581,1.1825,1.5583,0.2093,-0.0929,-0.2964,40.01,210.8
MN-SURV-0390,"Kalahari Manganese Field (Hotazel, South Africa)",-27.43327,23.02466,Basalt,429.6,6.6,2.85,0.1566,0.2129,0.2737,0.3065,0.4349,0.3616,1.7478,1.1798,1.2027,0.2275,0.0565,-0.1732,4.12,9.4
MN-SURV-0391,"Groote Eylandt (Northern Territory, Australia)",-14.04156,136.35656,Basalt,461.4,6.5,8.06,0.1399,0.2841,0.2396,0.3865,0.4649,0.2243,1.7127,0.5803,2.0727,0.3198,0.2346,-0.0921,4.97,4.2
MN-SURV-0392,"Sandur Manganese Belt (Karnataka, India)",14.78483,76.67175,Dolomitic Marble,203.4,13.4,3.79,0.1922,0.2577,0.252,0.3346,0.2855,0.326,1.3111,0.9743,0.8758,0.0623,0.1408,0.0792,7.71,0.0
MN-SURV-0393,"Kalahari Manganese Field (Hotazel, South Africa)",-26.91242,23.26032,Banded Iron Formation (BIF),401.6,19.3,1.91,0.1155,0.115,0.1799,0.2187,0.2962,0.1769,1.5576,0.8089,1.6744,0.2443,0.0973,-0.1505,41.41,249.1
MN-SURV-0394,"Nagpur-Bhandara Belt (Sausar Group, India)",21.07079,79.77481,Quartzite-Schist,320.5,8.3,2.59,0.1559,0.2026,0.1995,0.2577,0.3618,0.3442,1.2797,1.3357,1.0511,0.2892,0.1273,-0.168,3.79,13.6
MN-SURV-0395,"Groote Eylandt (Northern Territory, Australia)",-13.99338,136.28022,Gondite,519.5,21.7,2.29,0.0843,0.1621,0.1623,0.201,0.394,0.1837,1.9253,0.9139,2.1448,0.4165,0.1065,-0.3244,53.5,294.5
MN-SURV-0396,"Kendujhar-Joda Belt (Odisha, India)",21.79389,85.43198,Dolomitic Marble,130.2,2.0,3.13,0.1747,0.2398,0.3307,0.4019,0.3847,0.3145,1.893,0.7825,1.2232,0.0755,0.0972,0.0219,2.11,2.5
MN-SURV-0397,"Kendujhar-Joda Belt (Odisha, India)",22.18663,85.70811,Banded Iron Formation (BIF),596.3,25.5,1.83,0.1272,0.1585,0.1685,0.3243,0.287,0.1932,1.3247,0.5957,1.4855,0.2602,0.3162,0.061,47.02,188.4
MN-SURV-0398,"Groote Eylandt (Northern Territory, Australia)",-13.85106,136.41748,Phyllite-Chert,490.5,24.9,1.15,0.1102,0.0898,0.1828,0.203,0.3502,0.1817,1.6588,0.8951,1.9274,0.3141,0.0524,-0.2661,34.91,249.6
MN-SURV-0399,"Kendujhar-Joda Belt (Odisha, India)",22.09693,85.16242,Basalt,212.3,14.7,11.1,0.1646,0.2519,0.239,0.4064,0.3504,0.4429,1.452,1.0898,0.7911,0.189,0.2594,0.074,2.08,8.8
MN-SURV-0400,"Groote Eylandt (Northern Territory, Australia)",-14.15033,136.89556,Gondite,442.7,17.5,0.94,0.0941,0.1695,0.2421,0.2914,0.1684,0.2058,2.5728,0.7062,0.8183,-0.1795,0.0924,0.2675,49.98,392.5
MN-SURV-0401,"Sandur Manganese Belt (Karnataka, India)",15.39311,76.44831,Banded Iron Formation (BIF),485.5,8.4,0.24,0.0987,0.1026,0.2177,0.2201,0.2593,0.1841,2.2057,0.8364,1.4085,0.0872,0.0055,-0.0818,46.01,1675.1
MN-SURV-0402,"Nagpur-Bhandara Belt (Sausar Group, India)",21.10081,79.13793,Laterite Cap,598.8,12.9,0.79,0.1501,0.1524,0.1813,0.2648,0.293,0.2679,1.2079,1.0117,1.0937,0.2355,0.1872,-0.0506,34.26,322.0
MN-SURV-0403,"Groote Eylandt (Northern Territory, Australia)",-14.11072,136.87133,Gondite,477.5,17.3,1.53,0.12,0.1234,0.1819,0.2277,0.346,0.2089,1.5158,0.9174,1.6563,0.3109,0.1118,-0.2062,50.88,300.9
MN-SURV-0404,"Nagpur-Bhandara Belt (Sausar Group, India)",21.67004,79.3157,Basalt,250.7,7.8,7.75,0.1517,0.207,0.3289,0.3116,0.3498,0.3176,2.1681,1.0193,1.1014,0.0308,-0.027,-0.0578,1.34,3.1
MN-SURV-0405,"Groote Eylandt (Northern Territory, Australia)",-14.2237,136.35322,Gondite,322.1,27.1,1.39,0.1402,0.1302,0.1822,0.2814,0.3212,0.1989,1.2996,0.7068,1.6149,0.2761,0.214,-0.066,52.99,298.7
MN-SURV-0406,"Nagpur-Bhandara Belt (Sausar Group, India)",21.1425,79.81479,Banded Iron Formation (BIF),425.9,5.7,0.64,0.1116,0.1174,0.1902,0.1737,0.2895,0.2238,1.7043,1.2884,1.2936,0.207,-0.0453,-0.25,45.73,778.6
MN-SURV-0407,"Kendujhar-Joda Belt (Odisha, India)",21.91381,85.11648,Basalt,422.8,3.6,8.72,0.1988,0.2176,0.2682,0.2688,0.4744,0.3318,1.3491,1.2344,1.4298,0.2777,0.0011,-0.2766,2.3,0.7
MN-SURV-0408,"Nagpur-Bhandara Belt (Sausar Group, India)",21.16187,79.16937,Laterite Cap,563.3,22.9,1.94,0.1173,0.1722,0.1811,0.2026,0.2353,0.2435,1.5439,1.2019,0.9663,0.1302,0.056,-0.0747,39.11,368.1
MN-SURV-0409,"Kendujhar-Joda Belt (Odisha, India)",22.00741,85.45112,Phyllite-Chert,470.0,18.3,5.0,0.1176,0.1574,0.2374,0.153,0.3073,0.2317,2.0187,1.5144,1.3263,0.1283,-0.2162,-0.3352,27.87,120.0
MN-SURV-0410,"Kendujhar-Joda Belt (Odisha, India)",21.95578,85.27884,Gondite,516.1,18.3,0.64,0.1388,0.1606,0.1465,0.2408,0.39,0.2094,1.0555,0.8696,1.8625,0.4539,0.2435,-0.2365,49.62,1090.0
MN-SURV-0411,"Sandur Manganese Belt (Karnataka, India)",15.41311,76.39038,Banded Iron Formation (BIF),494.7,18.2,0.13,0.1132,0.1741,0.1729,0.2352,0.2659,0.2187,1.5274,0.9298,1.2158,0.2119,0.1527,-0.0613,43.64,259.8
MN-SURV-0412,"Groote Eylandt (Northern Territory, Australia)",-13.95078,136.59698,Gondite,512.8,11.9,0.21,0.0859,0.0913,0.1532,0.1628,0.3164,0.2178,1.7835,1.3378,1.4527,0.3475,0.0304,-0.3205,53.5,946.1
MN-SURV-0413,"Minas Gerais Belt (Quadrilatero Ferrifero, Brazil)",-20.46839,-43.6928,Banded Iron Formation (BIF),485.8,24.8,1.0,0.1168,0.1561,0.162,0.2185,0.3614,0.1803,1.387,0.8252,2.0044,0.381,0.1485,-0.2464,52.52,614.1
MN-SURV-0414,"Nagpur-Bhandara Belt (Sausar Group, India)",21.12394,79.58133,Phyllite-Chert,444.2,18.9,1.08,0.1132,0.1596,0.142,0.2439,0.2694,0.1322,1.2544,0.542,2.0378,0.3097,0.2641,-0.0497,37.11,870.7
MN-SURV-0415,"Minas Gerais Belt (Quadrilatero Ferrifero, Brazil)",-20.37566,-43.45259,Quartzite-Schist,271.5,5.3,2.88,0.1839,0.2472,0.2637,0.3551,0.4058,0.3834,1.4339,1.0797,1.0584,0.2122,0.1477,-0.0666,1.55,12.4
MN-SURV-0416,"Nagpur-Bhandara Belt (Sausar Group, India)",21.37802,79.59719,Phyllite-Chert,407.9,14.7,0.81,0.1036,0.1177,0.1684,0.233,0.194,0.2485,1.6255,1.0665,0.7807,0.0706,0.1609,0.0913,29.64,310.1
MN-SURV-0417,"Groote Eylandt (Northern Territory, Australia)",-13.65667,136.85112,Basalt,403.6,4.9,5.08,0.1943,0.1804,0.3045,0.3505,0.3743,0.3673,1.5672,1.0479,1.0191,0.1028,0.0702,-0.0328,3.81,6.9
MN-SURV-0418,"Nagpur-Bhandara Belt (Sausar Group, India)",21.3205,79.35886,Laterite Cap,425.7,6.3,2.28,0.1237,0.1463,0.1531,0.2173,0.3438,0.2161,1.2377,0.9945,1.5909,0.3838,0.1733,-0.2255,39.41,120.0
MN-SURV-0419,"Kendujhar-Joda Belt (Odisha, India)",22.33138,85.72176,Dolomitic Marble,311.9,1.5,5.1,0.1728,0.2546,0.2303,0.277,0.3679,0.3516,1.3328,1.2693,1.0464,0.23,0.0921,-0.141,0.5,15.9
MN-SURV-0420,"Minas Gerais Belt (Quadrilatero Ferrifero, Brazil)",-20.32442,-44.01569,Banded Iron Formation (BIF),528.2,20.2,5.0,0.1008,0.1221,0.2043,0.2612,0.3443,0.1857,2.0268,0.7109,1.8541,0.2552,0.1222,-0.1372,52.04,120.0
MN-SURV-0421,"Minas Gerais Belt (Quadrilatero Ferrifero, Brazil)",-20.12705,-43.7702,Banded Iron Formation (BIF),437.9,21.9,2.17,0.1116,0.1329,0.1403,0.2016,0.2451,0.1514,1.2572,0.751,1.6189,0.2719,0.1793,-0.0974,45.64,703.0
MN-SURV-0422,"Sandur Manganese Belt (Karnataka, India)",14.88664,76.84278,Banded Iron Formation (BIF),462.4,10.1,1.69,0.1274,0.1754,0.1551,0.2876,0.3507,0.1061,1.2174,0.3689,3.3054,0.3867,0.2993,-0.0989,53.5,914.1
MN-SURV-0423,"Groote Eylandt (Northern Territory, Australia)",-14.17559,136.838,Dolomitic Marble,267.7,9.7,3.62,0.2082,0.1833,0.2723,0.2882,0.3658,0.372,1.3079,1.2908,0.9833,0.1465,0.0284,-0.1187,4.81,3.1
MN-SURV-0424,"Kendujhar-Joda Belt (Odisha, India)",21.86708,85.69175,Quartzite-Schist,319.6,5.9,2.87,0.1611,0.2058,0.2658,0.3787,0.3296,0.3526,1.6499,0.9311,0.9348,0.1072,0.1752,0.0693,1.93,23.8
MN-SURV-0425,"Nagpur-Bhandara Belt (Sausar Group, India)",21.3383,79.76082,Quartzite-Schist,212.9,3.3,8.23,0.1705,0.2235,0.3029,0.2747,0.2817,0.3106,1.7765,1.1307,0.907,-0.0363,-0.0488,-0.0126,3.04,13.2
MN-SURV-0426,"Groote Eylandt (Northern Territory, Australia)",-13.97153,136.72981,Basalt,308.3,3.2,10.96,0.2389,0.2592,0.2716,0.324,0.4058,0.3563,1.1369,1.0997,1.1389,0.1981,0.088,-0.1121,4.63,17.7
MN-SURV-0427,"Minas Gerais Belt (Quadrilatero Ferrifero, Brazil)",-20.39069,-43.92838,Basalt,363.5,5.1,9.4,0.1711,0.2553,0.234,0.3764,0.3804,0.3565,1.3676,0.9471,1.067,0.2383,0.2333,-0.0053,5.14,14.1
MN-SURV-0428,"Kendujhar-Joda Belt (Odisha, India)",22.03091,85.50043,Gondite,359.3,26.5,1.85,0.1071,0.1191,0.2129,0.2747,0.2901,0.2102,1.9879,0.7652,1.3801,0.1535,0.1267,-0.0273,49.9,1095.4
MN-SURV-0429,"Kalahari Manganese Field (Hotazel, South Africa)",-26.92171,22.78525,Basalt,298.7,4.9,2.82,0.2343,0.2368,0.236,0.4054,0.3795,0.3289,1.0073,0.8113,1.1538,0.2331,0.2641,0.033,0.5,7.0
MN-SURV-0430,"Kendujhar-Joda Belt (Odisha, India)",22.14668,85.1695,Basalt,524.6,12.3,6.37,0.1834,0.2424,0.2647,0.3445,0.3487,0.3236,1.4433,0.9393,1.0776,0.1369,0.131,-0.0061,0.98,2.9
MN-SURV-0431,"Sandur Manganese Belt (Karnataka, India)",15.12471,76.55151,Quartzite-Schist,364.5,8.9,4.04,0.1552,0.2318,0.2223,0.2455,0.4458,0.3287,1.4323,1.3389,1.3563,0.3345,0.0496,-0.2897,5.59,14.0
MN-SURV-0432,"Kalahari Manganese Field (Hotazel, South Africa)",-26.92573,22.73751,Gondite,459.8,21.5,0.7,0.1118,0.1638,0.2181,0.1823,0.3431,0.1612,1.9508,0.8843,2.1284,0.2227,-0.0894,-0.3061,53.5,728.4
MN-SURV-0433,"Nagpur-Bhandara Belt (Sausar Group, India)",21.23898,79.77662,Phyllite-Chert,399.6,14.2,1.29,0.1021,0.1795,0.1856,0.2642,0.3461,0.1416,1.8178,0.536,2.4442,0.3019,0.1747,-0.1342,43.25,347.0
MN-SURV-0434,"Minas Gerais Belt (Quadrilatero Ferrifero, Brazil)",-20.193,-43.76575,Banded Iron Formation (BIF),406.6,10.3,1.37,0.1337,0.1207,0.1539,0.269,0.3279,0.1845,1.1511,0.6859,1.7772,0.3611,0.2722,-0.0987,41.68,336.5
MN-SURV-0435,"Nagpur-Bhandara Belt (Sausar Group, India)",21.4873,79.17926,Laterite Cap,377.7,1.5,7.64,0.1938,0.2722,0.2496,0.285,0.3061,0.2561,1.2879,0.8986,1.1952,0.1017,0.0662,-0.0357,3.38,28.6
MN-SURV-0436,"Kendujhar-Joda Belt (Odisha, India)",22.08399,85.5543,Phyllite-Chert,511.0,16.4,1.11,0.1172,0.1218,0.177,0.2926,0.3042,0.2293,1.5102,0.7837,1.3266,0.2643,0.2462,-0.0194,38.83,155.8
MN-SURV-0437,"Groote Eylandt (Northern Territory, Australia)",-14.10297,136.59696,Gondite,387.0,19.9,0.42,0.104,0.131,0.1634,0.1961,0.4017,0.2554,1.5712,1.3024,1.5728,0.4217,0.091,-0.3439,53.5,3567.4
MN-SURV-0438,"Groote Eylandt (Northern Territory, Australia)",-13.91506,136.59591,Basalt,321.8,7.8,11.48,0.1242,0.3005,0.2326,0.3225,0.4198,0.3504,1.8728,1.0865,1.1981,0.2869,0.162,-0.1311,1.13,0.0
MN-SURV-0439,"Kendujhar-Joda Belt (Odisha, India)",22.06391,85.2248,Phyllite-Chert,543.3,7.8,0.15,0.1009,0.1721,0.2113,0.2391,0.3508,0.1071,2.0942,0.4479,3.2754,0.2482,0.0617,-0.1894,50.01,859.2
MN-SURV-0440,"Nagpur-Bhandara Belt (Sausar Group, India)",21.33537,79.81037,Gondite,442.4,12.5,0.55,0.0912,0.1197,0.1882,0.2092,0.3198,0.1993,2.0636,0.9527,1.6046,0.2591,0.0528,-0.2091,53.5,719.5
MN-SURV-0441,"Minas Gerais Belt (Quadrilatero Ferrifero, Brazil)",-20.19032,-43.89846,Gondite,432.0,25.6,1.33,0.0899,0.1317,0.2225,0.2709,0.3037,0.2008,2.475,0.7412,1.5125,0.1543,0.0981,-0.0571,53.5,1878.2
MN-SURV-0442,"Groote Eylandt (Northern Territory, Australia)",-13.61018,136.42084,Quartzite-Schist,420.4,6.8,4.98,0.1907,0.2467,0.3243,0.34,0.3627,0.328,1.7006,0.9647,1.1058,0.0559,0.0236,-0.0323,4.63,21.8
MN-SURV-0443,"Kendujhar-Joda Belt (Odisha, India)",22.14181,85.22381,Phyllite-Chert,422.2,11.3,1.94,0.1386,0.1343,0.1935,0.2795,0.2798,0.1583,1.3961,0.5664,1.7675,0.1823,0.1818,-0.0005,37.24,175.5
MN-SURV-0444,"Nagpur-Bhandara Belt (Sausar Group, India)",21.52371,79.64481,Gondite,446.9,24.4,5.0,0.0812,0.1348,0.1539,0.2509,0.2845,0.1956,1.8953,0.7796,1.4545,0.2979,0.2396,-0.0628,49.72,120.0
MN-SURV-0445,"Kalahari Manganese Field (Hotazel, South Africa)",-26.98772,22.7904,Basalt,373.6,6.3,4.87,0.2085,0.1677,0.3256,0.3348,0.4107,0.3664,1.5616,1.0944,1.1209,0.1156,0.0139,-0.1018,2.72,14.8
MN-SURV-0446,"Minas Gerais Belt (Quadrilatero Ferrifero, Brazil)",-20.53072,-43.96003,Basalt,366.8,12.2,11.74,0.1882,0.1922,0.2555,0.3428,0.3717,0.3416,1.3576,0.9965,1.0881,0.1853,0.1459,-0.0404,0.82,3.7
MN-SURV-0447,"Groote Eylandt (Northern Territory, Australia)",-13.86006,136.47944,Basalt,395.6,2.0,6.62,0.1989,0.2155,0.287,0.3225,0.3467,0.3027,1.4429,0.9386,1.1454,0.0942,0.0582,-0.0362,2.58,2.2
MN-SURV-0448,"Kalahari Manganese Field (Hotazel, South Africa)",-27.12333,23.00964,Banded Iron Formation (BIF),491.3,21.8,0.55,0.0911,0.1308,0.1662,0.2526,0.2829,0.2039,1.8244,0.8072,1.3874,0.2599,0.2063,-0.0566,47.09,1279.0
MN-SURV-0449,"Sandur Manganese Belt (Karnataka, India)",15.1227,76.28414,Laterite Cap,473.6,9.5,0.73,0.1002,0.1479,0.2022,0.2157,0.2863,0.2379,2.018,1.1029,1.2034,0.1722,0.0323,-0.1406,43.42,1248.7
MN-SURV-0450,"Kalahari Manganese Field (Hotazel, South Africa)",-27.33635,23.28162,Quartzite-Schist,231.0,2.7,5.16,0.2104,0.1929,0.2924,0.3558,0.3157,0.384,1.3897,1.0793,0.8221,0.0383,0.0978,0.0597,1.48,19.4
MN-SURV-0451,"Sandur Manganese Belt (Karnataka, India)",14.81886,76.84353,Basalt,364.0,5.0,9.89,0.1908,0.2225,0.3193,0.2984,0.3724,0.308,1.6735,1.0322,1.2091,0.0768,-0.0338,-0.1103,4.76,14.9
MN-SURV-0452,"Kendujhar-Joda Belt (Odisha, India)",21.68535,85.4558,Basalt,354.0,2.5,5.4,0.1596,0.2022,0.3097,0.3883,0.3226,0.3444,1.9405,0.8869,0.9367,0.0204,0.1126,0.0924,3.79,27.0
MN-SURV-0453,"Kalahari Manganese Field (Hotazel, South Africa)",-27.28053,22.88161,Laterite Cap,238.9,12.4,3.7,0.1611,0.1415,0.2007,0.283,0.3868,0.3237,1.2458,1.1438,1.1949,0.3168,0.1701,-0.155,3.29,11.5
MN-SURV-0454,"Groote Eylandt (Northern Territory, Australia)",-13.67319,136.93767,Gondite,383.5,5.5,0.17,0.1383,0.1299,0.2016,0.1823,0.3146,0.1466,1.4577,0.8042,2.146,0.2189,-0.0503,-0.2663,53.5,667.2
MN-SURV-0455,"Kalahari Manganese Field (Hotazel, South Africa)",-27.4049,22.86446,Banded Iron Formation (BIF),383.4,7.9,0.51,0.096,0.1431,0.1686,0.1892,0.3033,0.211,1.7562,1.1152,1.4374,0.2854,0.0576,-0.2317,49.74,645.9
MN-SURV-0456,"Kalahari Manganese Field (Hotazel, South Africa)",-26.98242,23.28669,Dolomitic Marble,397.5,4.5,9.45,0.1696,0.1956,0.249,0.3655,0.3882,0.3169,1.4682,0.867,1.225,0.2185,0.1896,-0.0301,2.0,8.2
MN-SURV-0457,"Nagpur-Bhandara Belt (Sausar Group, India)",21.28168,79.21806,Banded Iron Formation (BIF),523.2,8.5,0.37,0.1381,0.1343,0.1544,0.2477,0.3828,0.2051,1.118,0.828,1.8664,0.4252,0.232,-0.2143,51.2,1605.9
MN-SURV-0458,"Kalahari Manganese Field (Hotazel, South Africa)",-27.26178,22.83307,Basalt,488.2,9.6,8.11,0.2155,0.252,0.2497,0.4134,0.4046,0.2788,1.1587,0.6744,1.4512,0.2367,0.2469,0.0108,1.93,22.3
MN-SURV-0459,"Sandur Manganese Belt (Karnataka, India)",15.07633,76.28363,Quartzite-Schist,385.6,13.6,4.05,0.1445,0.232,0.2937,0.3802,0.3628,0.3537,2.0325,0.9303,1.0257,0.1053,0.1284,0.0234,5.0,0.0
MN-SURV-0460,"Groote Eylandt (Northern Territory, Australia)",-14.26036,136.38255,Dolomitic Marble,268.7,4.0,8.37,0.1282,0.2133,0.2627,0.3742,0.4076,0.3839,2.0491,1.0259,1.0617,0.2162,0.1751,-0.0427,2.87,3.8
MN-SURV-0461,"Kendujhar-Joda Belt (Odisha, India)",22.01598,85.40373,Gondite,511.8,9.7,1.21,0.0784,0.1196,0.1917,0.2633,0.3094,0.2305,2.4452,0.8754,1.3423,0.2349,0.1574,-0.0805,53.38,330.8
MN-SURV-0462,"Kendujhar-Joda Belt (Odisha, India)",22.13077,85.56298,Laterite Cap,421.2,8.9,0.24,0.1081,0.1331,0.1423,0.2474,0.2686,0.1355,1.3164,0.5477,1.9823,0.3074,0.2697,-0.0411,48.94,305.1
MN-SURV-0463,"Kalahari Manganese Field (Hotazel, South Africa)",-26.9749,22.98814,Banded Iron Formation (BIF),369.5,12.3,4.23,0.1246,0.1548,0.1789,0.2196,0.3517,0.2062,1.4358,0.939,1.7056,0.3257,0.1021,-0.2312,42.68,166.2
MN-SURV-0464,"Sandur Manganese Belt (Karnataka, India)",15.09947,76.8898,Basalt,459.3,1.9,2.6,0.1262,0.2637,0.2961,0.3624,0.384,0.3322,2.3463,0.9167,1.1559,0.1292,0.1007,-0.0289,7.31,10.0
MN-SURV-0465,"Nagpur-Bhandara Belt (Sausar Group, India)",21.55048,79.53652,Gondite,475.2,27.4,0.41,0.0747,0.1835,0.1413,0.2423,0.3465,0.2048,1.8916,0.8452,1.6919,0.4207,0.2633,-0.177,52.73,1612.1
MN-SURV-0466,"Kendujhar-Joda Belt (Odisha, India)",22.32937,85.60669,Dolomitic Marble,464.6,5.4,4.17,0.129,0.2237,0.2324,0.2828,0.3375,0.3148,1.8016,1.1132,1.0721,0.1844,0.0978,-0.0882,4.11,13.4
MN-SURV-0467,"Sandur Manganese Belt (Karnataka, India)",15.04814,76.3365,Gondite,498.6,10.8,0.96,0.0917,0.0868,0.1473,0.2343,0.3706,0.2044,1.6063,0.8724,1.8131,0.4312,0.228,-0.2253,52.55,455.0
MN-SURV-0468,"Kendujhar-Joda Belt (Odisha, India)",22.14858,85.07111,Basalt,468.7,2.0,9.27,0.1571,0.1389,0.2562,0.3217,0.3275,0.3849,1.6308,1.1965,0.8509,0.1222,0.1133,-0.0089,0.8,14.4
MN-SURV-0469,"Groote Eylandt (Northern Territory, Australia)",-13.82762,136.64555,Basalt,350.0,14.5,9.96,0.1575,0.2301,0.2382,0.4408,0.3165,0.4168,1.5124,0.9456,0.7594,0.1412,0.2984,0.1641,4.34,9.8
MN-SURV-0470,"Sandur Manganese Belt (Karnataka, India)",15.42692,76.36686,Banded Iron Formation (BIF),499.7,20.0,0.52,0.1197,0.1288,0.1281,0.2443,0.3062,0.1725,1.0702,0.7061,1.7751,0.4101,0.312,-0.1124,47.86,716.3
MN-SURV-0471,"Sandur Manganese Belt (Karnataka, India)",15.073,76.26729,Gondite,492.6,19.0,0.14,0.1177,0.1267,0.1678,0.268,0.2776,0.1257,1.4257,0.469,2.2084,0.2465,0.2299,-0.0176,53.5,1297.9
MN-SURV-0472,"Kendujhar-Joda Belt (Odisha, India)",22.17333,85.07029,Laterite Cap,414.1,27.0,0.51,0.1211,0.153,0.1476,0.2799,0.3551,0.1505,1.2188,0.5377,2.3595,0.4128,0.3095,-0.1184,47.33,1099.2
MN-SURV-0473,"Minas Gerais Belt (Quadrilatero Ferrifero, Brazil)",-20.48606,-43.80761,Quartzite-Schist,340.3,6.7,3.52,0.2376,0.2164,0.1658,0.3825,0.3973,0.3445,0.6978,0.9007,1.1533,0.4111,0.3952,-0.019,2.35,2.9
MN-SURV-0474,"Groote Eylandt (Northern Territory, Australia)",-14.21462,136.87129,Phyllite-Chert,485.1,13.6,1.16,0.115,0.1659,0.1978,0.1974,0.3764,0.2394,1.72,1.2128,1.5723,0.311,-0.001,-0.312,37.63,249.7
MN-SURV-0475,"Minas Gerais Belt (Quadrilatero Ferrifero, Brazil)",-20.53627,-43.69625,Gondite,714.8,26.1,1.47,0.1129,0.123,0.1984,0.2604,0.3425,0.2016,1.7573,0.7742,1.6989,0.2664,0.1351,-0.1362,51.82,410.9
MN-SURV-0476,"Nagpur-Bhandara Belt (Sausar Group, India)",21.69685,79.44079,Gondite,409.9,7.4,0.5,0.1284,0.1697,0.1417,0.2015,0.2821,0.1732,1.1036,0.8596,1.6288,0.3313,0.1742,-0.1667,52.88,587.0
MN-SURV-0477,"Nagpur-Bhandara Belt (Sausar Group, India)",21.38915,79.59952,Basalt,274.3,11.0,6.33,0.1872,0.2322,0.3285,0.4737,0.3945,0.2323,1.7548,0.4904,1.6982,0.0913,0.181,0.0912,7.06,11.7
MN-SURV-0478,"Groote Eylandt (Northern Territory, Australia)",-13.9686,136.69145,Banded Iron Formation (BIF),546.2,27.6,0.3,0.1107,0.1035,0.1465,0.3084,0.237,0.1824,1.3234,0.5914,1.2993,0.236,0.3559,0.1309,44.42,1982.1
MN-SURV-0479,"Sandur Manganese Belt (Karnataka, India)",14.84277,76.88721,Banded Iron Formation (BIF),392.1,5.8,2.36,0.1112,0.1334,0.2005,0.2232,0.3491,0.1504,1.8031,0.6738,2.3211,0.2704,0.0536,-0.22,52.92,120.0
MN-SURV-0480,"Kendujhar-Joda Belt (Odisha, India)",22.04899,85.73293,Laterite Cap,477.1,26.3,0.63,0.096,0.109,0.1249,0.3243,0.3835,0.1219,1.301,0.3759,3.146,0.5087,0.4439,-0.0836,46.93,1681.4
MN-SURV-0481,"Minas Gerais Belt (Quadrilatero Ferrifero, Brazil)",-20.46213,-43.86107,Banded Iron Formation (BIF),442.7,16.5,0.66,0.1438,0.0818,0.1659,0.2238,0.303,0.2251,1.1537,1.0058,1.3461,0.2924,0.1486,-0.1503,42.97,1798.8
MN-SURV-0482,"Sandur Manganese Belt (Karnataka, India)",14.85019,76.64764,Gondite,394.1,25.8,0.4,0.1467,0.214,0.2041,0.3434,0.3097,0.1792,1.3913,0.5218,1.7282,0.2055,0.2544,0.0516,53.5,1626.6
MN-SURV-0483,"Kalahari Manganese Field (Hotazel, South Africa)",-27.14016,22.82096,Gondite,682.4,26.3,0.35,0.1474,0.1187,0.2532,0.2575,0.3137,0.2067,1.7178,0.8027,1.5177,0.1067,0.0084,-0.0984,52.1,632.6
MN-SURV-0484,"Nagpur-Bhandara Belt (Sausar Group, India)",21.4837,79.65374,Dolomitic Marble,424.0,12.9,8.9,0.2086,0.2376,0.2113,0.4412,0.3826,0.3659,1.0129,0.8293,1.0456,0.2884,0.3523,0.0711,4.6,9.9
MN-SURV-0485,"Groote Eylandt (Northern Territory, Australia)",-14.09072,136.77757,Gondite,411.1,15.4,2.51,0.0967,0.1789,0.1619,0.1922,0.2767,0.1706,1.6743,0.8876,1.6219,0.2617,0.0856,-0.1802,53.5,363.5
MN-SURV-0486,"Groote Eylandt (Northern Territory, Australia)",-13.9964,136.33455,Gondite,477.3,21.3,0.31,0.1091,0.1164,0.1568,0.2945,0.3346,0.2167,1.4372,0.7358,1.5441,0.3618,0.3051,-0.0637,51.45,1344.2
MN-SURV-0487,"Nagpur-Bhandara Belt (Sausar Group, India)",21.1515,79.80048,Basalt,327.0,6.6,5.61,0.1788,0.1758,0.2979,0.3528,0.4011,0.3167,1.6661,0.8977,1.2665,0.1476,0.0844,-0.0641,4.32,7.8
MN-SURV-0488,"Kendujhar-Joda Belt (Odisha, India)",22.04937,85.35799,Basalt,432.6,10.2,11.75,0.1587,0.242,0.231,0.3049,0.3597,0.3185,1.4556,1.0446,1.1294,0.2179,0.1379,-0.0825,1.84,32.5
MN-SURV-0489,"Minas Gerais Belt (Quadrilatero Ferrifero, Brazil)",-20.51807,-44.02055,Gondite,381.7,22.6,4.11,0.1566,0.1442,0.1387,0.1952,0.31,0.1748,0.8857,0.8955,1.7735,0.3818,0.1692,-0.2272,45.49,120.0
MN-SURV-0490,"Kalahari Manganese Field (Hotazel, South Africa)",-27.16349,23.12697,Gondite,447.8,11.8,0.99,0.1081,0.1512,0.1521,0.209,0.3179,0.1937,1.407,0.9268,1.6412,0.3528,0.1576,-0.2067,53.26,499.3
MN-SURV-0491,"Kendujhar-Joda Belt (Odisha, India)",21.82577,85.50912,Laterite Cap,494.4,5.2,1.56,0.1052,0.1136,0.2006,0.1483,0.3212,0.2303,1.9068,1.5529,1.3947,0.2311,-0.1499,-0.3683,40.97,432.1
MN-SURV-0492,"Minas Gerais Belt (Quadrilatero Ferrifero, Brazil)",-20.19104,-43.50586,Banded Iron Formation (BIF),473.8,26.2,2.41,0.1325,0.1525,0.1697,0.2478,0.3315,0.1698,1.2808,0.6852,1.9523,0.3228,0.1871,-0.1445,44.8,236.7
MN-SURV-0493,"Nagpur-Bhandara Belt (Sausar Group, India)",21.67419,79.43854,Quartzite-Schist,430.2,3.8,8.28,0.1767,0.1915,0.2854,0.3253,0.409,0.3654,1.6152,1.1233,1.1193,0.178,0.0653,-0.114,4.74,26.9
MN-SURV-0494,"Kalahari Manganese Field (Hotazel, South Africa)",-26.90803,22.69378,Basalt,354.5,5.5,11.28,0.166,0.1862,0.2005,0.3705,0.3111,0.315,1.2078,0.8502,0.9876,0.2162,0.2977,0.0871,4.86,19.7
MN-SURV-0495,"Sandur Manganese Belt (Karnataka, India)",14.77264,76.49019,Gondite,483.4,12.5,0.7,0.1164,0.1326,0.2036,0.1757,0.2835,0.1901,1.7491,1.082,1.4913,0.164,-0.0736,-0.2348,53.5,528.2
MN-SURV-0496,"Groote Eylandt (Northern Territory, Australia)",-13.78119,136.6747,Quartzite-Schist,396.4,2.2,8.47,0.1513,0.2287,0.2613,0.3936,0.4166,0.3245,1.727,0.8244,1.2838,0.2291,0.202,-0.0284,7.84,0.0
MN-SURV-0497,"Groote Eylandt (Northern Territory, Australia)",-13.99935,136.6496,Gondite,431.1,20.4,1.25,0.1034,0.148,0.2286,0.3054,0.3078,0.1989,2.2108,0.6513,1.5475,0.1477,0.1438,-0.0039,53.5,1478.3
MN-SURV-0498,"Minas Gerais Belt (Quadrilatero Ferrifero, Brazil)",-20.11939,-43.89348,Laterite Cap,399.5,6.6,3.59,0.2167,0.2493,0.2366,0.3073,0.345,0.2544,1.0918,0.8279,1.3561,0.1864,0.13,-0.0578,4.73,6.8
MN-SURV-0499,"Sandur Manganese Belt (Karnataka, India)",14.96744,76.41588,Dolomitic Marble,448.6,11.3,8.29,0.1665,0.2402,0.1486,0.4049,0.3815,0.3271,0.8925,0.8079,1.1663,0.4394,0.4631,0.0298,6.91,6.3
MN-SURV-0500,"Nagpur-Bhandara Belt (Sausar Group, India)",21.50489,79.5554,Gondite,416.0,22.8,0.32,0.1123,0.1655,0.2209,0.2,0.3688,0.2206,1.9671,1.103,1.6718,0.2508,-0.0497,-0.2968,53.5,536.4
MN-SURV-0501,"Groote Eylandt (Northern Territory, Australia)",-13.82244,136.51323,Dolomitic Marble,364.8,11.1,8.08,0.1566,0.2004,0.2476,0.2448,0.3869,0.2457,1.5811,1.0037,1.5747,0.2195,-0.0057,-0.2249,5.36,28.0
MN-SURV-0502,"Nagpur-Bhandara Belt (Sausar Group, India)",21.40249,79.41162,Gondite,462.1,19.2,1.82,0.0904,0.1381,0.2033,0.2657,0.3199,0.1952,2.2489,0.7347,1.6388,0.2229,0.133,-0.0926,51.99,632.8
MN-SURV-0503,"Kalahari Manganese Field (Hotazel, South Africa)",-27.35921,23.21008,Gondite,466.3,21.5,0.97,0.1319,0.0897,0.1239,0.2033,0.2738,0.2389,0.9393,1.1751,1.1461,0.3769,0.2427,-0.1478,48.18,287.8
MN-SURV-0504,"Sandur Manganese Belt (Karnataka, India)",14.9514,76.87325,Banded Iron Formation (BIF),584.8,5.9,0.14,0.1237,0.1736,0.122,0.2409,0.335,0.1968,0.9863,0.8169,1.7022,0.4661,0.3276,-0.1634,48.38,299.8
MN-SURV-0505,"Nagpur-Bhandara Belt (Sausar Group, India)",21.28045,79.78914,Basalt,447.2,4.7,8.02,0.2062,0.2468,0.277,0.329,0.3954,0.332,1.3434,1.0091,1.191,0.1761,0.0858,-0.0917,3.14,4.2
MN-SURV-0506,"Kendujhar-Joda Belt (Odisha, India)",21.919,85.58855,Dolomitic Marble,464.5,2.9,9.36,0.1811,0.2019,0.2159,0.2483,0.3619,0.3011,1.1922,1.2126,1.2019,0.2527,0.0698,-0.1862,4.29,11.5
MN-SURV-0507,"Kendujhar-Joda Belt (Odisha, India)",22.08851,85.37308,Banded Iron Formation (BIF),590.0,12.5,1.55,0.1317,0.141,0.1655,0.2301,0.3033,0.2111,1.2566,0.9174,1.4368,0.2939,0.1633,-0.1372,43.99,202.0
MN-SURV-0508,"Kalahari Manganese Field (Hotazel, South Africa)",-26.89863,23.15977,Banded Iron Formation (BIF),387.6,17.7,0.47,0.1183,0.1632,0.1988,0.2808,0.3909,0.2495,1.6805,0.8885,1.5667,0.3258,0.171,-0.1639,47.13,259.3
MN-SURV-0509,"Sandur Manganese Belt (Karnataka, India)",15.19021,76.81655,Laterite Cap,638.4,12.4,0.74,0.1415,0.159,0.1842,0.3069,0.3451,0.1643,1.3018,0.5354,2.1004,0.304,0.2498,-0.0586,47.67,2610.4
MN-SURV-0510,"Groote Eylandt (Northern Territory, Australia)",-13.93625,136.66716,Gondite,517.8,19.7,1.3,0.1024,0.1468,0.0993,0.2159,0.3318,0.2292,0.9697,1.0616,1.4476,0.5393,0.3699,-0.2116,50.75,197.7
MN-SURV-0511,"Minas Gerais Belt (Quadrilatero Ferrifero, Brazil)",-20.37722,-43.98195,Gondite,448.2,15.1,3.35,0.0875,0.1234,0.1261,0.2389,0.2257,0.207,1.4411,0.8665,1.0903,0.2831,0.309,0.0284,41.23,391.8
MN-SURV-0512,"Minas Gerais Belt (Quadrilatero Ferrifero, Brazil)",-20.4377,-43.59144,Gondite,554.9,5.0,0.77,0.143,0.1166,0.1733,0.2876,0.3515,0.2239,1.2119,0.7785,1.5699,0.3396,0.248,-0.1,53.33,2197.6
MN-SURV-0513,"Groote Eylandt (Northern Territory, Australia)",-13.89049,136.58344,Basalt,399.0,13.8,7.26,0.2106,0.2396,0.2933,0.3585,0.3638,0.3367,1.3927,0.9392,1.0805,0.1073,0.1,-0.0073,0.5,13.5
MN-SURV-0514,"Nagpur-Bhandara Belt (Sausar Group, India)",21.23397,79.70592,Banded Iron Formation (BIF),396.7,12.8,0.98,0.0933,0.0992,0.1696,0.209,0.3389,0.2032,1.8178,0.9722,1.6678,0.3329,0.1041,-0.2371,48.76,263.0
MN-SURV-0515,"Kalahari Manganese Field (Hotazel, South Africa)",-27.06316,23.08904,Quartzite-Schist,285.8,11.8,11.19,0.0914,0.2007,0.235,0.3011,0.3861,0.3191,2.5711,1.0598,1.21,0.2433,0.1233,-0.1237,1.89,2.8
MN-SURV-0516,"Kendujhar-Joda Belt (Odisha, India)",22.35266,85.2538,Phyllite-Chert,486.5,12.3,0.78,0.0946,0.115,0.1642,0.2692,0.3371,0.2094,1.7357,0.7779,1.6098,0.3449,0.2423,-0.112,42.45,219.4
MN-SURV-0517,"Sandur Manganese Belt (Karnataka, India)",15.23363,76.42532,Banded Iron Formation (BIF),450.9,10.1,0.13,0.107,0.1207,0.1826,0.247,0.3381,0.2415,1.7065,0.9777,1.4,0.2986,0.1499,-0.1557,50.8,7077.4
MN-SURV-0518,"Kalahari Manganese Field (Hotazel, South Africa)",-27.14844,22.91136,Quartzite-Schist,503.1,13.3,2.67,0.2017,0.194,0.2635,0.3092,0.3183,0.3381,1.3064,1.0935,0.9414,0.0942,0.0798,-0.0145,1.09,6.6
MN-SURV-0519,"Minas Gerais Belt (Quadrilatero Ferrifero, Brazil)",-20.3551,-43.65417,Banded Iron Formation (BIF),384.7,9.2,0.23,0.0999,0.1695,0.2193,0.2746,0.3222,0.1819,2.1952,0.6624,1.7713,0.19,0.112,-0.0798,53.5,695.1
MN-SURV-0520,"Nagpur-Bhandara Belt (Sausar Group, India)",21.33884,79.63153,Gondite,552.1,24.7,1.3,0.0878,0.1895,0.1667,0.2882,0.3158,0.2031,1.8986,0.7047,1.5549,0.309,0.2671,-0.0457,53.43,301.5
MN-SURV-0521,"Nagpur-Bhandara Belt (Sausar Group, India)",21.23692,79.62375,Banded Iron Formation (BIF),432.1,19.2,0.34,0.0941,0.155,0.1836,0.2003,0.3037,0.1926,1.9511,0.9616,1.5768,0.2465,0.0435,-0.2052,52.26,3401.8
MN-SURV-0522,"Kalahari Manganese Field (Hotazel, South Africa)",-27.51495,23.21154,Gondite,300.6,25.2,1.53,0.0925,0.1646,0.1729,0.2669,0.2414,0.2121,1.8692,0.7947,1.1381,0.1653,0.2137,0.0502,48.51,498.1
MN-SURV-0523,"Kalahari Manganese Field (Hotazel, South Africa)",-27.31261,22.64935,Phyllite-Chert,384.2,24.4,0.22,0.0819,0.162,0.187,0.3026,0.3131,0.152,2.2833,0.5023,2.0599,0.2521,0.2361,-0.0171,47.17,703.2
MN-SURV-0524,"Sandur Manganese Belt (Karnataka, India)",14.7908,76.6812,Gondite,377.3,13.6,0.54,0.1076,0.147,0.2034,0.219,0.3258,0.2082,1.8903,0.9507,1.5648,0.2313,0.0369,-0.196,53.5,845.2
MN-SURV-0525,"Minas Gerais Belt (Quadrilatero Ferrifero, Brazil)",-20.02398,-44.01779,Basalt,318.0,1.6,5.33,0.2114,0.1916,0.2272,0.3769,0.3674,0.321,1.0747,0.8517,1.1445,0.2358,0.2478,0.0128,0.5,2.6
MN-SURV-0526,"Groote Eylandt (Northern Territory, Australia)",-13.68871,136.44811,Gondite,326.3,15.5,0.19,0.087,0.1644,0.1956,0.2489,0.2868,0.1206,2.2483,0.4845,2.3781,0.1891,0.1199,-0.0707,53.5,567.5
MN-SURV-0527,"Minas Gerais Belt (Quadrilatero Ferrifero, Brazil)",-19.96351,-43.79148,Banded Iron Formation (BIF),578.3,25.7,1.51,0.1055,0.1474,0.1632,0.2275,0.2965,0.168,1.5469,0.7385,1.7649,0.29,0.1646,-0.1317,48.85,398.2
MN-SURV-0528,"Minas Gerais Belt (Quadrilatero Ferrifero, Brazil)",-20.48147,-43.56761,Banded Iron Formation (BIF),485.1,9.1,0.38,0.0644,0.1384,0.1563,0.2081,0.3191,0.212,2.427,1.0187,1.5052,0.3424,0.1422,-0.2105,50.66,889.2
MN-SURV-0529,"Kendujhar-Joda Belt (Odisha, India)",22.03262,85.12311,Quartzite-Schist,375.9,2.0,4.3,0.2335,0.2126,0.1648,0.3835,0.4293,0.2607,0.7058,0.6798,1.6467,0.4452,0.3989,-0.0563,4.61,19.8
MN-SURV-0530,"Groote Eylandt (Northern Territory, Australia)",-14.18933,136.50024,Laterite Cap,508.1,2.0,3.98,0.177,0.1984,0.2314,0.353,0.3663,0.3894,1.3073,1.1031,0.9407,0.2257,0.2081,-0.0185,5.5,6.5
MN-SURV-0531,"Sandur Manganese Belt (Karnataka, India)",14.9639,76.26515,Gondite,496.7,17.3,0.86,0.1378,0.1729,0.2379,0.2419,0.3574,0.2008,1.7264,0.8301,1.7799,0.2007,0.0083,-0.1927,53.5,237.7
MN-SURV-0532,"Nagpur-Bhandara Belt (Sausar Group, India)",21.33745,79.72028,Gondite,519.2,10.8,2.56,0.0869,0.1297,0.1655,0.1974,0.3641,0.1624,1.9045,0.8227,2.242,0.375,0.0879,-0.2969,52.68,161.5
MN-SURV-0533,"Kendujhar-Joda Belt (Odisha, India)",21.75376,85.73065,Basalt,293.9,8.0,6.36,0.2153,0.2025,0.2166,0.3515,0.348,0.4142,1.006,1.1784,0.8402,0.2327,0.2375,0.005,1.28,2.3
MN-SURV-0534,"Minas Gerais Belt (Quadrilatero Ferrifero, Brazil)",-19.96338,-43.786,Basalt,287.0,7.3,7.16,0.1579,0.2519,0.2416,0.3517,0.3784,0.2203,1.5301,0.6264,1.7177,0.2206,0.1856,-0.0366,1.93,20.2
MN-SURV-0535,"Kalahari Manganese Field (Hotazel, South Africa)",-27.04438,22.73332,Gondite,428.7,20.3,0.69,0.0965,0.1758,0.2085,0.1723,0.2666,0.1773,2.1606,1.029,1.5037,0.1223,-0.0951,-0.2149,53.5,398.3
MN-SURV-0536,"Kendujhar-Joda Belt (Odisha, India)",22.30278,85.4921,Dolomitic Marble,333.1,14.8,4.33,0.1609,0.2001,0.2709,0.2874,0.3815,0.3995,1.6837,1.39,0.9549,0.1695,0.0296,-0.1407,4.42,0.0
MN-SURV-0537,"Nagpur-Bhandara Belt (Sausar Group, India)",21.14333,79.30451,Banded Iron Formation (BIF),557.2,15.5,1.09,0.132,0.1523,0.1318,0.2558,0.3529,0.1601,0.9985,0.6259,2.2042,0.4562,0.3199,-0.1595,50.16,284.1
MN-SURV-0538,"Kalahari Manganese Field (Hotazel, South Africa)",-27.25303,22.8975,Banded Iron Formation (BIF),523.7,14.5,1.16,0.1409,0.0893,0.1718,0.2255,0.3175,0.1884,1.2193,0.8355,1.6852,0.2978,0.1352,-0.1694,44.48,316.1
MN-SURV-0539,"Kendujhar-Joda Belt (Odisha, India)",21.93535,85.66259,Banded Iron Formation (BIF),434.2,9.0,0.42,0.1144,0.1818,0.1971,0.2651,0.338,0.1577,1.7229,0.5949,2.1433,0.2633,0.1471,-0.1209,53.5,874.5
MN-SURV-0540,"Kalahari Manganese Field (Hotazel, South Africa)",-27.20002,22.69863,Banded Iron Formation (BIF),504.9,16.9,0.76,0.1092,0.1383,0.1448,0.2479,0.284,0.1764,1.326,0.7116,1.61,0.3246,0.2625,-0.0679,44.74,857.0
MN-SURV-0541,"Minas Gerais Belt (Quadrilatero Ferrifero, Brazil)",-19.92368,-43.57528,Gondite,562.5,5.2,0.26,0.1182,0.1251,0.2248,0.2336,0.3347,0.2409,1.9019,1.0312,1.3894,0.1964,0.0192,-0.1779,50.96,440.8
MN-SURV-0542,"Kalahari Manganese Field (Hotazel, South Africa)",-27.30559,23.06922,Laterite Cap,375.6,1.0,10.49,0.2066,0.1798,0.3099,0.3692,0.4514,0.3671,1.5,0.9943,1.2296,0.1859,0.0873,-0.1002,5.39,22.2
MN-SURV-0543,"Kalahari Manganese Field (Hotazel, South Africa)",-27.30122,23.17435,Phyllite-Chert,344.6,5.8,0.47,0.1363,0.1376,0.1557,0.2165,0.3245,0.2588,1.1423,1.1954,1.2539,0.3515,0.1634,-0.1996,34.66,213.1
MN-SURV-0544,"Minas Gerais Belt (Quadrilatero Ferrifero, Brazil)",-20.32505,-43.66305,Quartzite-Schist,406.8,14.0,9.8,0.1738,0.2079,0.2601,0.3559,0.2964,0.4755,1.4965,1.336,0.6233,0.0652,0.1555,0.0912,1.9,26.4
MN-SURV-0545,"Groote Eylandt (Northern Territory, Australia)",-14.14415,136.79332,Quartzite-Schist,338.5,13.3,5.4,0.1271,0.2008,0.2832,0.2747,0.3705,0.3433,2.2282,1.2497,1.0792,0.1335,-0.0152,-0.1485,2.93,0.0
MN-SURV-0546,"Minas Gerais Belt (Quadrilatero Ferrifero, Brazil)",-20.07411,-43.67504,Banded Iron Formation (BIF),463.7,8.7,1.98,0.1103,0.205,0.1283,0.2678,0.3567,0.2212,1.1632,0.826,1.6126,0.4709,0.3522,-0.1424,45.52,158.3
MN-SURV-0547,"Kendujhar-Joda Belt (Odisha, India)",22.21108,85.35612,Quartzite-Schist,208.8,8.8,10.0,0.2314,0.226,0.258,0.4049,0.3332,0.3178,1.115,0.7849,1.0485,0.1272,0.2216,0.0971,1.54,18.7
MN-SURV-0548,"Minas Gerais Belt (Quadrilatero Ferrifero, Brazil)",-20.46176,-43.51244,Gondite,435.6,21.6,0.97,0.1366,0.1192,0.1596,0.2082,0.3177,0.1844,1.1684,0.8857,1.7229,0.3312,0.1321,-0.2082,46.98,1256.8
MN-SURV-0549,"Kalahari Manganese Field (Hotazel, South Africa)",-27.15613,23.27507,Phyllite-Chert,365.5,24.8,0.65,0.0935,0.1257,0.1364,0.2507,0.3352,0.2168,1.4588,0.8648,1.5461,0.4215,0.2953,-0.1442,39.82,302.5
MN-SURV-0550,"Sandur Manganese Belt (Karnataka, India)",14.83415,76.58087,Basalt,448.7,9.6,10.53,0.2261,0.19,0.3477,0.266,0.355,0.354,1.5378,1.3308,1.0028,0.0104,-0.1331,-0.1433,2.2,12.6
MN-SURV-0551,"Groote Eylandt (Northern Territory, Australia)",-13.85698,136.73082,Basalt,264.1,13.8,7.89,0.1762,0.2353,0.2813,0.4136,0.3284,0.3704,1.5965,0.8956,0.8866,0.0773,0.1904,0.1148,3.42,32.2
MN-SURV-0552,"Sandur Manganese Belt (Karnataka, India)",15.2009,76.46099,Gondite,632.2,16.1,0.62,0.0883,0.1615,0.2043,0.1938,0.339,0.2434,2.3137,1.2559,1.3928,0.2479,-0.0264,-0.2725,53.5,5241.7
MN-SURV-0553,"Groote Eylandt (Northern Territory, Australia)",-13.79368,136.6698,Gondite,358.8,19.2,0.59,0.1345,0.1463,0.1809,0.242,0.3058,0.2326,1.345,0.9612,1.3147,0.2566,0.1445,-0.1165,46.12,672.3
MN-SURV-0554,"Groote Eylandt (Northern Territory, Australia)",-14.00276,136.91722,Gondite,532.9,25.8,0.88,0.0899,0.1104,0.2154,0.2461,0.2792,0.1892,2.396,0.7688,1.4757,0.129,0.0665,-0.063,53.5,734.7
MN-SURV-0555,"Nagpur-Bhandara Belt (Sausar Group, India)",21.6927,79.40824,Gondite,541.8,25.4,0.59,0.1178,0.1107,0.2134,0.2372,0.3134,0.1803,1.8115,0.7601,1.7382,0.1898,0.0528,-0.1384,53.5,937.4
MN-SURV-0556,"Kendujhar-Joda Belt (Odisha, India)",21.68252,85.50722,Banded Iron Formation (BIF),349.1,9.7,0.77,0.1133,0.1423,0.1926,0.2334,0.3112,0.2106,1.6999,0.9023,1.4777,0.2354,0.0958,-0.1429,47.43,173.4
MN-SURV-0557,"Kendujhar-Joda Belt (Odisha, India)",22.27448,85.69657,Basalt,239.9,1.0,10.99,0.1958,0.1676,0.2446,0.3249,0.4566,0.3569,1.2492,1.0985,1.2793,0.3023,0.141,-0.1685,4.87,10.6
MN-SURV-0558,"Minas Gerais Belt (Quadrilatero Ferrifero, Brazil)",-20.27396,-43.79158,Gondite,625.8,10.6,0.35,0.1372,0.1834,0.1884,0.2508,0.2724,0.1751,1.3732,0.6982,1.5557,0.1823,0.1421,-0.0413,53.5,1327.5
MN-SURV-0559,"Kendujhar-Joda Belt (Odisha, India)",22.28584,85.72544,Quartzite-Schist,368.2,11.0,5.39,0.1719,0.1783,0.3141,0.455,0.3779,0.448,1.8272,0.9846,0.8435,0.0922,0.1832,0.0926,3.12,23.9
MN-SURV-0560,"Nagpur-Bhandara Belt (Sausar Group, India)",21.48518,79.34874,Banded Iron Formation (BIF),341.7,19.0,4.71,0.1003,0.1379,0.1939,0.204,0.2672,0.1984,1.9332,0.9725,1.3468,0.159,0.0254,-0.1341,35.02,120.0
MN-SURV-0561,"Sandur Manganese Belt (Karnataka, India)",15.22212,76.34582,Banded Iron Formation (BIF),516.7,21.5,0.56,0.0995,0.1217,0.1526,0.2393,0.2781,0.1978,1.5337,0.8266,1.406,0.2914,0.2212,-0.075,45.35,1274.7
MN-SURV-0562,"Sandur Manganese Belt (Karnataka, India)",15.18217,76.49436,Gondite,495.1,12.1,0.8,0.1095,0.139,0.1481,0.2845,0.327,0.1739,1.3525,0.6112,1.8804,0.3766,0.3153,-0.0695,53.5,570.6
MN-SURV-0563,"Minas Gerais Belt (Quadrilatero Ferrifero, Brazil)",-20.32169,-43.71255,Dolomitic Marble,326.0,4.2,7.43,0.1706,0.2509,0.2485,0.3716,0.3743,0.3372,1.4566,0.9074,1.11,0.202,0.1985,-0.0036,6.22,14.5
MN-SURV-0564,"Nagpur-Bhandara Belt (Sausar Group, India)",21.34875,79.69733,Quartzite-Schist,455.8,1.3,7.43,0.1738,0.2214,0.2551,0.2889,0.2731,0.3346,1.4678,1.1582,0.8162,0.0341,0.0621,0.0281,3.55,0.0
MN-SURV-0565,"Sandur Manganese Belt (Karnataka, India)",14.85903,76.23538,Quartzite-Schist,467.8,13.2,8.45,0.2074,0.2548,0.1665,0.3192,0.4542,0.2743,0.8028,0.8593,1.6559,0.4635,0.3144,-0.1746,3.77,10.4
MN-SURV-0566,"Kalahari Manganese Field (Hotazel, South Africa)",-27.53485,22.96401,Basalt,324.6,7.0,6.88,0.1745,0.1847,0.2908,0.3855,0.4586,0.3639,1.6665,0.944,1.2602,0.2239,0.14,-0.0866,6.19,18.7
MN-SURV-0567,"Minas Gerais Belt (Quadrilatero Ferrifero, Brazil)",-20.15945,-43.46681,Gondite,573.2,27.2,1.11,0.1121,0.1438,0.1349,0.2798,0.2747,0.1932,1.2034,0.6905,1.4218,0.3413,0.3494,0.0092,51.76,1701.3
MN-SURV-0568,"Kendujhar-Joda Belt (Odisha, India)",22.08506,85.36101,Gondite,337.6,12.7,1.17,0.118,0.1232,0.2417,0.2015,0.2372,0.1917,2.0483,0.9514,1.2374,-0.0094,-0.0907,-0.0814,52.14,1642.8
MN-SURV-0569,"Nagpur-Bhandara Belt (Sausar Group, India)",21.14205,79.68113,Basalt,382.4,10.5,9.14,0.1998,0.2156,0.2613,0.3413,0.434,0.3402,1.3078,0.9968,1.2757,0.2484,0.1328,-0.1196,2.77,15.5
MN-SURV-0570,"Sandur Manganese Belt (Karnataka, India)",14.79191,76.85806,Basalt,359.6,9.2,5.92,0.185,0.2329,0.3081,0.3862,0.4261,0.3107,1.6654,0.8045,1.3714,0.1607,0.1125,-0.0491,4.02,7.7
MN-SURV-0571,"Sandur Manganese Belt (Karnataka, India)",15.0313,76.47666,Laterite Cap,571.2,16.1,2.22,0.0922,0.136,0.1496,0.2536,0.3007,0.1904,1.6226,0.7508,1.5793,0.3356,0.2579,-0.085,38.32,146.8
MN-SURV-0572,"Kendujhar-Joda Belt (Odisha, India)",22.23444,85.15956,Basalt,524.9,7.7,9.38,0.176,0.2145,0.2712,0.3363,0.4093,0.3541,1.5409,1.0529,1.1559,0.2029,0.1072,-0.0979,5.11,4.2
MN-SURV-0573,"Minas Gerais Belt (Quadrilatero Ferrifero, Brazil)",-20.21301,-43.97273,Basalt,285.6,10.7,4.4,0.1652,0.1755,0.258,0.2709,0.3994,0.3741,1.5617,1.381,1.0676,0.2151,0.0244,-0.1917,4.09,15.7
MN-SURV-0574,"Kalahari Manganese Field (Hotazel, South Africa)",-26.85121,23.14636,Gondite,459.7,17.2,1.71,0.0991,0.1388,0.1947,0.2268,0.328,0.1899,1.9647,0.8373,1.7272,0.255,0.0762,-0.1824,53.5,236.5
MN-SURV-0575,"Sandur Manganese Belt (Karnataka, India)",15.30478,76.49485,Phyllite-Chert,540.6,16.6,0.67,0.1153,0.1204,0.1659,0.2848,0.374,0.2435,1.4389,0.855,1.5359,0.3854,0.2638,-0.1354,38.02,418.8
MN-SURV-0576,"Kendujhar-Joda Belt (Odisha, India)",21.78488,85.42915,Dolomitic Marble,413.8,8.6,9.99,0.1798,0.1896,0.2943,0.3343,0.367,0.4449,1.6368,1.3308,0.8249,0.1099,0.0636,-0.0466,7.77,12.6
MN-SURV-0577,"Nagpur-Bhandara Belt (Sausar Group, India)",21.70847,79.55608,Banded Iron Formation (BIF),310.8,8.6,0.7,0.1155,0.1721,0.1856,0.2832,0.2733,0.1685,1.6069,0.595,1.622,0.1911,0.2082,0.0178,50.71,916.9
MN-SURV-0578,"Sandur Manganese Belt (Karnataka, India)",15.06584,76.71202,Gondite,548.2,13.9,0.61,0.1529,0.1563,0.1939,0.1811,0.2742,0.2336,1.2681,1.2899,1.1738,0.1715,-0.0341,-0.2045,45.09,484.5
MN-SURV-0579,"Minas Gerais Belt (Quadrilatero Ferrifero, Brazil)",-20.11438,-43.61831,Laterite Cap,346.5,8.3,5.03,0.1574,0.2661,0.2491,0.4505,0.2982,0.3265,1.5826,0.7248,0.9133,0.0897,0.2879,0.2034,3.73,39.0
MN-SURV-0580,"Nagpur-Bhandara Belt (Sausar Group, India)",21.04177,79.49415,Laterite Cap,230.0,13.7,4.2,0.2003,0.2803,0.2183,0.374,0.4247,0.3305,1.0899,0.8837,1.285,0.321,0.2629,-0.0635,3.77,0.0
MN-SURV-0581,"Groote Eylandt (Northern Territory, Australia)",-13.7957,136.77342,Gondite,606.1,12.0,0.2,0.0928,0.1458,0.1918,0.2568,0.2644,0.1937,2.0668,0.7543,1.365,0.1591,0.1449,-0.0146,53.5,3158.3
MN-SURV-0582,"Sandur Manganese Belt (Karnataka, India)",14.93863,76.21455,Gondite,488.9,11.3,1.71,0.1113,0.1657,0.1611,0.1792,0.2217,0.2545,1.4474,1.4202,0.8711,0.1583,0.0532,-0.106,42.79,145.8
MN-SURV-0583,"Minas Gerais Belt (Quadrilatero Ferrifero, Brazil)",-20.29026,-43.69714,Banded Iron Formation (BIF),596.3,18.4,1.04,0.1276,0.1657,0.2392,0.2551,0.3025,0.2261,1.8746,0.8863,1.3379,0.1169,0.0322,-0.085,45.16,463.3
MN-SURV-0584,"Groote Eylandt (Northern Territory, Australia)",-14.07495,136.25222,Quartzite-Schist,572.8,4.0,10.29,0.1623,0.2043,0.2236,0.4069,0.3158,0.3348,1.3777,0.8228,0.9432,0.1709,0.2907,0.1261,5.27,0.0
MN-SURV-0585,"Kendujhar-Joda Belt (Odisha, India)",22.063,85.47837,Quartzite-Schist,518.6,12.8,3.5,0.1671,0.2442,0.2915,0.3731,0.4173,0.3343,1.7445,0.896,1.2483,0.1775,0.1228,-0.0559,6.0,4.2
MN-SURV-0586,"Minas Gerais Belt (Quadrilatero Ferrifero, Brazil)",-20.40992,-43.83552,Dolomitic Marble,277.9,4.1,5.23,0.1394,0.2066,0.2134,0.3371,0.4804,0.3159,1.5308,0.9371,1.5207,0.3848,0.2247,-0.1753,3.71,20.4
MN-SURV-0587,"Groote Eylandt (Northern Territory, Australia)",-13.87191,136.5364,Phyllite-Chert,532.4,14.3,1.55,0.1539,0.1639,0.1783,0.2044,0.2874,0.1693,1.1585,0.8283,1.6976,0.2343,0.0682,-0.1688,37.6,353.0
MN-SURV-0588,"Sandur Manganese Belt (Karnataka, India)",14.74692,76.40444,Dolomitic Marble,428.2,1.1,4.94,0.1453,0.2246,0.2878,0.3283,0.4436,0.3398,1.9807,1.035,1.3055,0.213,0.0657,-0.1494,4.12,4.4
MN-SURV-0589,"Groote Eylandt (Northern Territory, Australia)",-13.6364,136.70752,Quartzite-Schist,353.9,11.6,4.48,0.2596,0.2557,0.2269,0.3858,0.3092,0.2714,0.874,0.7035,1.1393,0.1535,0.2593,0.1102,4.79,5.3
MN-SURV-0590,"Nagpur-Bhandara Belt (Sausar Group, India)",21.32368,79.46954,Banded Iron Formation (BIF),379.0,12.3,0.51,0.1279,0.1323,0.2383,0.2537,0.3088,0.1334,1.8632,0.5258,2.3148,0.1289,0.0313,-0.098,53.5,1527.3
MN-SURV-0591,"Groote Eylandt (Northern Territory, Australia)",-14.18343,136.62866,Phyllite-Chert,463.6,14.5,2.24,0.1299,0.1632,0.2354,0.2443,0.384,0.157,1.8122,0.6427,2.4459,0.2399,0.0186,-0.2223,43.83,120.0
MN-SURV-0592,"Minas Gerais Belt (Quadrilatero Ferrifero, Brazil)",-20.54851,-43.99408,Quartzite-Schist,325.1,13.9,9.2,0.1722,0.2381,0.2636,0.3401,0.382,0.293,1.5308,0.8615,1.3038,0.1834,0.1267,-0.058,3.37,5.2
MN-SURV-0593,"Nagpur-Bhandara Belt (Sausar Group, India)",21.62271,79.346,Basalt,466.8,2.3,3.72,0.1993,0.2029,0.253,0.3452,0.4338,0.3188,1.2694,0.9235,1.3607,0.2632,0.1541,-0.1137,2.17,1.7
MN-SURV-0594,"Nagpur-Bhandara Belt (Sausar Group, India)",21.68812,79.66345,Basalt,420.8,6.5,5.21,0.2135,0.2434,0.2151,0.3526,0.3013,0.3569,1.0075,1.0122,0.8442,0.1669,0.2422,0.0785,2.45,0.0
MN-SURV-0595,"Nagpur-Bhandara Belt (Sausar Group, India)",21.4738,79.38491,Dolomitic Marble,403.0,4.2,8.3,0.1437,0.203,0.257,0.4269,0.3471,0.3103,1.7884,0.7269,1.1186,0.1491,0.2484,0.1031,2.76,0.0
MN-SURV-0596,"Kendujhar-Joda Belt (Odisha, India)",21.67292,85.65232,Banded Iron Formation (BIF),333.7,6.0,0.46,0.1386,0.1166,0.215,0.2019,0.3498,0.1896,1.5512,0.9391,1.8449,0.2387,-0.0314,-0.2681,48.09,393.4
MN-SURV-0597,"Nagpur-Bhandara Belt (Sausar Group, India)",21.44129,79.37748,Banded Iron Formation (BIF),548.2,21.3,0.87,0.0982,0.1843,0.1618,0.2148,0.3412,0.2131,1.6477,0.9921,1.6011,0.3567,0.1407,-0.2273,48.05,397.6
MN-SURV-0598,"Sandur Manganese Belt (Karnataka, India)",14.89259,76.81824,Quartzite-Schist,433.0,1.3,6.62,0.187,0.2641,0.2251,0.2978,0.4095,0.2815,1.2037,0.9453,1.4547,0.2906,0.139,-0.1579,5.58,22.9
MN-SURV-0599,"Minas Gerais Belt (Quadrilatero Ferrifero, Brazil)",-20.01393,-44.10324,Laterite Cap,417.5,13.5,3.34,0.1535,0.1767,0.2792,0.4192,0.4433,0.3755,1.8189,0.8958,1.1806,0.2271,0.2005,-0.0279,6.86,4.4
MN-SURV-0600,"Groote Eylandt (Northern Territory, Australia)",-13.84347,136.3443,Gondite,523.3,23.3,2.14,0.1228,0.1425,0.2448,0.1977,0.289,0.192,1.9935,0.9712,1.5052,0.0828,-0.1064,-0.1876,52.97,247.3
MN-SURV-0601,"Sandur Manganese Belt (Karnataka, India)",15.18562,76.52267,Quartzite-Schist,490.0,12.1,10.75,0.159,0.2082,0.2707,0.4043,0.3801,0.3063,1.7025,0.7576,1.2409,0.1681,0.1979,0.0309,1.22,15.6
MN-SURV-0602,"Nagpur-Bhandara Belt (Sausar Group, India)",21.56445,79.48755,Gondite,433.2,19.9,0.84,0.0756,0.1485,0.1573,0.2916,0.299,0.1701,2.0807,0.5833,1.7578,0.3105,0.2992,-0.0125,53.5,1421.0
MN-SURV-0603,"Kalahari Manganese Field (Hotazel, South Africa)",-27.11448,23.00965,Laterite Cap,634.9,6.3,0.54,0.1473,0.0865,0.159,0.2316,0.3682,0.1327,1.0794,0.573,2.7747,0.3968,0.1859,-0.2277,49.02,1182.1
MN-SURV-0604,"Sandur Manganese Belt (Karnataka, India)",14.90983,76.31264,Dolomitic Marble,541.2,12.1,7.07,0.1629,0.1632,0.272,0.2947,0.3792,0.3629,1.6697,1.2314,1.0449,0.1646,0.0401,-0.1254,0.5,11.6
MN-SURV-0605,"Nagpur-Bhandara Belt (Sausar Group, India)",21.36167,79.42016,Basalt,208.2,1.4,2.55,0.146,0.2373,0.3585,0.3446,0.4276,0.2906,2.4555,0.8433,1.4714,0.0879,-0.0198,-0.1075,5.45,5.7
MN-SURV-0606,"Kendujhar-Joda Belt (Odisha, India)",22.30625,85.63351,Gondite,430.9,24.7,0.14,0.1239,0.1574,0.1298,0.2575,0.307,0.1944,1.0476,0.755,1.5792,0.4057,0.3297,-0.0877,51.49,1055.2
MN-SURV-0607,"Minas Gerais Belt (Quadrilatero Ferrifero, Brazil)",-20.13683,-43.93227,Gondite,500.2,16.2,1.47,0.1202,0.1246,0.2285,0.2092,0.3557,0.1965,1.901,0.9393,1.8102,0.2177,-0.0441,-0.2593,51.14,725.7
MN-SURV-0608,"Kalahari Manganese Field (Hotazel, South Africa)",-26.91101,22.66479,Basalt,288.1,8.9,6.2,0.1711,0.1857,0.2481,0.4077,0.3283,0.3818,1.45,0.9365,0.8599,0.1391,0.2434,0.1079,2.36,0.0
MN-SURV-0609,"Groote Eylandt (Northern Territory, Australia)",-14.21849,136.64995,Phyllite-Chert,559.2,18.5,0.19,0.0915,0.1534,0.2145,0.2532,0.3424,0.2186,2.3443,0.8633,1.5663,0.2297,0.0827,-0.1498,44.89,835.4
MN-SURV-0610,"Kendujhar-Joda Belt (Odisha, India)",21.88035,85.10664,Quartzite-Schist,378.2,6.6,10.83,0.2049,0.1864,0.3152,0.4519,0.3874,0.3655,1.5383,0.8088,1.0599,0.1028,0.1782,0.0768,3.93,13.3
MN-SURV-0611,"Groote Eylandt (Northern Territory, Australia)",-13.67519,136.58913,Banded Iron Formation (BIF),499.7,22.8,0.29,0.1354,0.137,0.2054,0.2659,0.3156,0.2101,1.517,0.7901,1.5021,0.2115,0.1284,-0.0855,47.08,2403.8
MN-SURV-0612,"Minas Gerais Belt (Quadrilatero Ferrifero, Brazil)",-20.10132,-43.89214,Basalt,373.2,3.3,6.17,0.1999,0.185,0.2469,0.4054,0.4083,0.3722,1.2351,0.9181,1.097,0.2463,0.243,-0.0036,5.53,18.6
MN-SURV-0613,"Nagpur-Bhandara Belt (Sausar Group, India)",21.22038,79.63447,Banded Iron Formation (BIF),475.0,23.3,0.4,0.1052,0.1275,0.1885,0.1802,0.3223,0.1867,1.7918,1.0361,1.7263,0.2619,-0.0225,-0.2828,52.02,859.9
MN-SURV-0614,"Sandur Manganese Belt (Karnataka, India)",14.88186,76.23282,Banded Iron Formation (BIF),451.7,20.8,0.95,0.1041,0.1141,0.1184,0.3022,0.3031,0.1984,1.1374,0.6565,1.5277,0.4382,0.437,-0.0015,46.6,855.3
MN-SURV-0615,"Sandur Manganese Belt (Karnataka, India)",14.96262,76.51938,Phyllite-Chert,493.1,11.7,2.2,0.1224,0.1306,0.1603,0.2908,0.2901,0.2003,1.3096,0.6888,1.4483,0.2882,0.2893,0.0012,37.99,432.5
MN-SURV-0616,"Kalahari Manganese Field (Hotazel, South Africa)",-26.94749,23.26715,Gondite,487.6,25.4,2.13,0.1375,0.1565,0.1756,0.235,0.3273,0.1795,1.2771,0.7638,1.8234,0.3017,0.1447,-0.1641,53.5,868.0
MN-SURV-0617,"Groote Eylandt (Northern Territory, Australia)",-13.99644,136.8459,Basalt,327.2,5.9,5.58,0.1997,0.2757,0.2402,0.306,0.3949,0.3718,1.2028,1.215,1.0621,0.2436,0.1205,-0.1268,7.45,12.5
MN-SURV-0618,"Groote Eylandt (Northern Territory, Australia)",-14.00652,136.41772,Basalt,397.8,1.9,9.69,0.1717,0.2241,0.2308,0.2403,0.3789,0.2683,1.3442,1.1165,1.4122,0.2429,0.0202,-0.2238,1.63,26.6
MN-SURV-0619,"Nagpur-Bhandara Belt (Sausar Group, India)",21.5326,79.79054,Laterite Cap,394.3,10.4,7.77,0.1894,0.222,0.2493,0.3541,0.4042,0.3534,1.3163,0.998,1.1437,0.237,0.1737,-0.0661,6.22,2.2
MN-SURV-0620,"Nagpur-Bhandara Belt (Sausar Group, India)",21.55109,79.71406,Gondite,326.5,19.3,1.27,0.129,0.1473,0.1407,0.2734,0.3382,0.1942,1.0907,0.7103,1.7415,0.4124,0.3205,-0.106,52.81,781.5
MN-SURV-0621,"Kalahari Manganese Field (Hotazel, South Africa)",-26.91884,23.24083,Basalt,289.9,7.2,2.74,0.1496,0.2102,0.2988,0.4133,0.359,0.262,1.9973,0.6339,1.3702,0.0915,0.1608,0.0703,7.13,10.8
MN-SURV-0622,"Kalahari Manganese Field (Hotazel, South Africa)",-27.2045,23.08758,Gondite,484.7,15.6,2.31,0.0967,0.1008,0.1552,0.2797,0.3287,0.1735,1.605,0.6203,1.8945,0.3585,0.2863,-0.0805,53.5,120.0
MN-SURV-0623,"Kendujhar-Joda Belt (Odisha, India)",21.67352,85.42141,Gondite,492.6,13.4,1.42,0.0955,0.113,0.177,0.2523,0.3527,0.1301,1.8534,0.5157,2.711,0.3317,0.1754,-0.166,53.5,380.0
MN-SURV-0624,"Sandur Manganese Belt (Karnataka, India)",14.92116,76.40184,Banded Iron Formation (BIF),411.7,7.6,1.66,0.1334,0.1477,0.2011,0.2127,0.2916,0.1946,1.5075,0.9149,1.4985,0.1837,0.028,-0.1565,43.83,184.2
MN-SURV-0625,"Kendujhar-Joda Belt (Odisha, India)",22.08297,85.64172,Basalt,205.6,8.8,4.83,0.1733,0.2285,0.2539,0.3717,0.4681,0.3146,1.4651,0.8464,1.4879,0.2967,0.1883,-0.1148,5.29,11.8
MN-SURV-0626,"Nagpur-Bhandara Belt (Sausar Group, India)",21.24615,79.41711,Gondite,470.1,21.9,0.15,0.1045,0.1615,0.2199,0.2007,0.2681,0.2393,2.1043,1.1923,1.1204,0.0988,-0.0456,-0.1438,51.84,968.7
MN-SURV-0627,"Kendujhar-Joda Belt (Odisha, India)",22.32138,85.61573,Banded Iron Formation (BIF),419.9,18.0,0.63,0.1126,0.1543,0.1361,0.2573,0.2871,0.1251,1.2087,0.4862,2.295,0.3568,0.3081,-0.0547,52.2,387.7
MN-SURV-0628,"Kendujhar-Joda Belt (Odisha, India)",21.94247,85.34898,Gondite,356.4,23.4,2.56,0.0991,0.1515,0.1758,0.2503,0.3009,0.2133,1.774,0.8522,1.4107,0.2624,0.1748,-0.0918,50.19,327.9
MN-SURV-0629,"Sandur Manganese Belt (Karnataka, India)",14.75603,76.44261,Gondite,393.9,11.3,1.78,0.0778,0.1495,0.169,0.2212,0.2823,0.1943,2.1722,0.8784,1.4529,0.2511,0.1338,-0.1214,53.39,467.8
MN-SURV-0630,"Groote Eylandt (Northern Territory, Australia)",-14.15054,136.38955,Phyllite-Chert,478.0,8.9,1.21,0.1069,0.1119,0.2092,0.2157,0.309,0.1855,1.957,0.86,1.6658,0.1926,0.0153,-0.1778,44.59,1069.9
MN-SURV-0631,"Sandur Manganese Belt (Karnataka, India)",15.17389,76.27871,Basalt,305.1,10.6,6.76,0.2159,0.2119,0.2519,0.4656,0.428,0.3066,1.1667,0.6585,1.396,0.259,0.2978,0.0421,4.27,26.4
MN-SURV-0632,"Groote Eylandt (Northern Territory, Australia)",-13.93883,136.74286,Laterite Cap,460.8,9.4,1.01,0.1406,0.1291,0.2122,0.2518,0.2828,0.1896,1.5092,0.753,1.4916,0.1426,0.0853,-0.058,42.44,400.5
MN-SURV-0633,"Kalahari Manganese Field (Hotazel, South Africa)",-26.87593,23.04439,Quartzite-Schist,494.2,6.5,5.66,0.1694,0.1997,0.2646,0.3701,0.4695,0.3636,1.562,0.9824,1.2913,0.2791,0.1662,-0.1184,2.94,7.6
MN-SURV-0634,"Nagpur-Bhandara Belt (Sausar Group, India)",21.30965,79.82017,Banded Iron Formation (BIF),483.0,8.1,0.54,0.1253,0.1354,0.1766,0.1807,0.3561,0.1864,1.4094,1.0315,1.9104,0.337,0.0115,-0.3268,47.18,978.8
MN-SURV-0635,"Kendujhar-Joda Belt (Odisha, India)",21.70101,85.22084,Quartzite-Schist,457.8,9.1,9.18,0.1924,0.1842,0.2228,0.4066,0.3983,0.3982,1.158,0.9793,1.0003,0.2826,0.292,0.0103,0.5,9.3
MN-SURV-0636,"Groote Eylandt (Northern Territory, Australia)",-14.13522,136.65151,Dolomitic Marble,271.0,10.8,9.05,0.1454,0.2087,0.224,0.3494,0.4068,0.3347,1.5406,0.9579,1.2154,0.2898,0.2187,-0.0759,5.69,12.3
MN-SURV-0637,"Sandur Manganese Belt (Karnataka, India)",15.31838,76.80836,Gondite,400.8,21.3,0.59,0.1121,0.1275,0.1698,0.2809,0.3393,0.2382,1.5147,0.848,1.4244,0.3329,0.2465,-0.0942,51.26,943.2
MN-SURV-0638,"Minas Gerais Belt (Quadrilatero Ferrifero, Brazil)",-20.24493,-43.58718,Basalt,251.1,10.0,5.7,0.2051,0.2344,0.198,0.3188,0.439,0.3077,0.9654,0.9652,1.4267,0.3783,0.2337,-0.1586,6.76,14.5
MN-SURV-0639,"Kalahari Manganese Field (Hotazel, South Africa)",-27.23358,22.67138,Banded Iron Formation (BIF),492.1,10.1,0.53,0.1005,0.1429,0.2316,0.2615,0.3049,0.2326,2.3045,0.8895,1.3108,0.1366,0.0606,-0.0766,53.36,734.2
MN-SURV-0640,"Minas Gerais Belt (Quadrilatero Ferrifero, Brazil)",-20.31015,-43.97241,Quartzite-Schist,349.6,5.0,10.18,0.1165,0.1916,0.2596,0.3088,0.4268,0.2977,2.2283,0.9641,1.4337,0.2436,0.0866,-0.1604,2.87,15.3
MN-SURV-0641,"Nagpur-Bhandara Belt (Sausar Group, India)",21.69356,79.53032,Banded Iron Formation (BIF),486.3,17.2,0.94,0.1093,0.1371,0.1822,0.3085,0.2795,0.1485,1.667,0.4814,1.8822,0.2107,0.2574,0.0493,53.07,577.1
MN-SURV-0642,"Nagpur-Bhandara Belt (Sausar Group, India)",21.5982,79.66124,Gondite,458.7,25.5,1.55,0.1137,0.147,0.1752,0.2246,0.2786,0.1942,1.5409,0.8646,1.4346,0.2279,0.1236,-0.1073,52.04,483.8
MN-SURV-0643,"Kendujhar-Joda Belt (Odisha, India)",21.72141,85.65689,Dolomitic Marble,439.1,2.0,10.09,0.1433,0.2021,0.2519,0.3726,0.4599,0.2993,1.7579,0.8033,1.5366,0.2922,0.1933,-0.1049,2.78,15.7
MN-SURV-0644,"Sandur Manganese Belt (Karnataka, India)",14.77996,76.72239,Gondite,593.1,16.1,0.75,0.1362,0.1555,0.1904,0.1997,0.2488,0.2438,1.3979,1.2208,1.0205,0.133,0.0238,-0.1095,46.67,525.3
MN-SURV-0645,"Sandur Manganese Belt (Karnataka, India)",15.08325,76.80987,Basalt,303.0,3.4,6.14,0.2399,0.2289,0.2206,0.3075,0.3809,0.2201,0.9195,0.7158,1.7306,0.2665,0.1646,-0.1066,3.62,22.7
MN-SURV-0646,"Groote Eylandt (Northern Territory, Australia)",-13.70915,136.94903,Dolomitic Marble,310.7,13.7,9.93,0.1744,0.249,0.1846,0.3755,0.4251,0.3194,1.0585,0.8506,1.3309,0.3945,0.3408,-0.062,5.49,0.0
MN-SURV-0647,"Kalahari Manganese Field (Hotazel, South Africa)",-27.295,22.65622,Basalt,291.6,5.0,9.61,0.2056,0.2022,0.2729,0.3259,0.374,0.2946,1.3273,0.904,1.2695,0.1563,0.0885,-0.0687,4.78,11.5
MN-SURV-0648,"Kendujhar-Joda Belt (Odisha, India)",21.72291,85.16235,Gondite,614.2,9.7,0.61,0.1086,0.1496,0.1503,0.2932,0.243,0.1618,1.384,0.5518,1.5019,0.2357,0.3222,0.0936,50.32,607.6
MN-SURV-0649,"Kalahari Manganese Field (Hotazel, South Africa)",-27.18697,23.13765,Phyllite-Chert,526.4,23.5,1.82,0.1149,0.1719,0.1617,0.2245,0.2062,0.1867,1.4073,0.8316,1.1044,0.121,0.1626,0.0425,32.27,243.5
MN-SURV-0650,"Nagpur-Bhandara Belt (Sausar Group, India)",21.52984,79.33483,Banded Iron Formation (BIF),372.8,16.7,0.54,0.1027,0.1422,0.1498,0.2572,0.3361,0.1734,1.4586,0.6742,1.9383,0.3834,0.2639,-0.133,51.29,950.2
